Customer ID,Churn Category
0650-BWOZN,Competitor
0562-FGDCR,Competitor
6688-UZPWD,No Churn
2905-KFQUV,Competitor
9720-JJJOR,No Churn
5236-PERKL,Competitor
8200-LGKSR,No Churn
3279-DYZQM,No Churn
3996-ZNWYK,No Churn
9500-LTVBP,No Churn
5229-PRWKT,No Churn
1764-VUUMT,Dissatisfaction
7531-GQHME,No Churn
4377-VDHYI,No Churn
7516-GMHUV,No Churn
5197-PYEPU,Competitor
2120-SMPEX,Dissatisfaction
0496-AHOOK,Competitor
2805-AUFQN,No Churn
0841-NULXI,No Churn
0263-FJTQO,No Churn
3280-NMUVX,No Churn
1820-TQVEV,No Churn
1100-DDVRV,No Churn
9779-DPNEJ,No Churn
8409-WQJUX,No Churn
7493-TPUWZ,No Churn
1135-HIORI,No Churn
6230-BSUXY,Competitor
9667-EQRXU,No Churn
2014-MKGMH,Competitor
7207-RMRDB,Other
1934-SJVJK,No Churn
7077-XJMET,No Churn
2452-KDRRH,No Churn
7351-MHQVU,Price
8631-XVRZL,No Churn
3143-ILDAL,Attitude
4797-AXPXK,No Churn
6164-HAQTX,No Churn
0526-SXDJP,No Churn
3671-SHRSP,No Churn
6101-IMRMM,Price
7131-ZQZNK,No Churn
1775-KWJKQ,No Churn
4078-SAYYN,Competitor
9774-NRNAU,No Churn
2123-AGEEN,No Churn
0742-MOABM,Attitude
5884-GCYMI,No Churn
3452-GWUIN,No Churn
6713-OKOMC,No Churn
9039-ZVJDC,No Churn
8701-DGLVH,No Churn
8630-FJLIB,No Churn
1850-AKQEP,No Churn
8313-NDOIA,No Churn
2703-AMTUL,No Churn
5789-LDFXO,Dissatisfaction
4522-AKYLR,No Churn
2121-JAFOM,No Churn
1732-FEKLD,No Churn
6860-YRJZP,No Churn
8070-AAWZP,No Churn
5067-XJQFU,No Churn
4847-QNOKA,No Churn
0807-ZABDG,No Churn
7233-IOQNP,No Churn
1384-RCUXW,No Churn
9968-FFVVH,No Churn
7989-CHGTL,Price
8096-LOIST,No Churn
5364-EVNIB,No Churn
4789-KWMXN,No Churn
1084-UQCHV,No Churn
0788-DXBFY,No Churn
6791-YBNAK,Dissatisfaction
4837-QUSFT,No Churn
5948-UJZLF,No Churn
0913-XWSCN,No Churn
1934-MKPXS,No Churn
6435-VWCCY,No Churn
0402-CQAJN,Dissatisfaction
2359-KMGLI,Dissatisfaction
9391-EOYLI,No Churn
7356-AYNJP,Attitude
7892-POOKP,No Churn
8050-XGRVL,No Churn
8755-OGKNA,Competitor
1818-ESQMW,No Churn
9133-AYJZG,Competitor
7814-LEEVE,No Churn
6022-UGGSO,No Churn
7446-YPODE,No Churn
8399-YNDCH,No Churn
5196-WPYOW,No Churn
0856-NAOES,No Churn
2999-AANRQ,No Churn
7714-YXSMB,No Churn
3541-ZNUHK,No Churn
7089-IVVAZ,No Churn
7817-BOQPW,No Churn
8496-EJAUI,Dissatisfaction
8059-UDZFY,No Churn
9643-YBLUR,Competitor
4829-ZLJTK,Other
6176-YJWAS,Price
7480-QNVZJ,Dissatisfaction
9441-QHEVC,Competitor
8751-EDEKA,No Churn
4530-NDRKU,Other
7392-YYPYJ,No Churn
3096-WPXBT,No Churn
1725-IQNIY,No Churn
6173-ITPWD,No Churn
1730-ZMAME,No Churn
4654-ULTTN,No Churn
4137-JOPHL,No Churn
8221-EQDGL,No Churn
4635-EJYPD,No Churn
5012-YSPJJ,No Churn
5143-WMWOG,No Churn
8201-AAXCB,No Churn
6198-PNNSZ,No Churn
6140-QNRQQ,No Churn
9927-DSWDF,Competitor
6583-KQJLK,No Churn
6064-PUPMC,Competitor
7825-ECJRF,No Churn
8713-IGZSO,No Churn
5451-YHYPW,No Churn
1090-ESELR,Attitude
5882-CMAZQ,Competitor
1356-MKYSK,Competitor
2933-FILNV,No Churn
4566-NECEV,No Churn
5986-WWXDV,No Churn
3620-EHIMZ,No Churn
7534-BFESC,No Churn
4816-LXZYW,Competitor
4940-KHCWD,No Churn
0430-IHCDJ,No Churn
2239-CFOUJ,Competitor
3359-DSRKA,No Churn
2400-XIWIO,Price
2040-OBMLJ,No Churn
5073-WXOYN,No Churn
3978-YNKDD,No Churn
0322-YINQP,No Churn
9866-OCCKE,No Churn
6365-MTGZX,No Churn
4274-DRSQT,No Churn
2504-DSHIH,No Churn
5876-HZVZM,No Churn
2294-DMMUS,Competitor
6195-MELTI,Dissatisfaction
1429-UYJSV,Competitor
9283-LZQOH,No Churn
7162-WPHPM,Attitude
7890-VYYWG,Attitude
2662-NNTDK,No Churn
6789-HJBWG,Competitor
4086-YQSNZ,No Churn
9863-JZAIC,No Churn
4003-OCTMP,No Churn
8473-VUVJN,Competitor
9103-CXVOK,Dissatisfaction
5146-YYFRZ,No Churn
3675-EQOZA,Price
8234-GSZYK,No Churn
0743-HNPFG,No Churn
6551-VLJMV,No Churn
6953-PBDIN,Competitor
8361-LTMKD,No Churn
7072-MBHEV,No Churn
3976-HXHCE,No Churn
3583-EKAPL,Competitor
2050-ONYDQ,No Churn
4537-CIBHB,No Churn
1272-ILHFG,No Churn
8720-RQSBJ,Dissatisfaction
0014-BMAQU,Competitor
3716-BDVDB,No Churn
2606-RMDHZ,No Churn
5077-DXTCG,No Churn
9710-ZUSHQ,Other
2599-CIPQE,Other
8974-OVACP,No Churn
3648-GZPHF,No Churn
6504-VBLFL,No Churn
3097-NQYSN,No Churn
3012-VFFMN,Attitude
2307-FYNNL,Attitude
9272-LSVYH,No Churn
4404-HIBDJ,Competitor
8972-HJWNV,No Churn
9650-VBUOG,No Churn
1347-KTTTA,No Churn
3923-CSIHK,No Churn
3692-JHONH,No Churn
7644-OMVMY,Dissatisfaction
8246-SHFGA,No Churn
6993-YCOBK,Attitude
8896-BQTTI,No Churn
5133-VRSAB,No Churn
5876-QMYLD,No Churn
2520-SGTTA,No Churn
2954-PIBKO,No Churn
4806-DXQCE,No Churn
7197-VOJMM,No Churn
5956-VKDTT,No Churn
6292-TOSSS,No Churn
3594-UVONA,No Churn
2027-DNKIV,Competitor
5351-QESIO,Competitor
0939-EREMR,No Churn
6797-UCJHZ,Attitude
6633-MPWBS,No Churn
6967-QIQRV,Competitor
3126-WQMGH,Attitude
8104-OSKWT,Attitude
9081-WWXKP,No Churn
0224-RLWWD,No Churn
4029-HPFVY,No Churn
7249-WBIYX,Dissatisfaction
8464-EETCQ,No Churn
5120-ZBLAI,No Churn
1104-FEJAM,No Churn
8646-JCOMS,Attitude
3806-DXQOM,No Churn
5849-ASHZJ,Competitor
0363-QJVFX,No Churn
3026-ATZYV,No Churn
0829-XXPLX,No Churn
6128-DAFVY,No Churn
2862-PFNIK,No Churn
7776-QWNFX,Dissatisfaction
5671-UUNXD,No Churn
1069-QJOEE,No Churn
5502-RLUYV,No Churn
5310-NOOVA,No Churn
0924-BJCRC,No Churn
5143-EGQFK,No Churn
3154-CFSZG,Competitor
0295-QVKPB,Competitor
0960-HUWBM,No Churn
1470-PSXNM,No Churn
2826-UWHIS,Other
1792-UXAFY,No Churn
0742-NXBGR,Price
4749-OJKQU,No Churn
2181-UAESM,Attitude
2661-GKBTK,No Churn
9170-ARBTB,No Churn
3130-ICDUP,Competitor
8681-ICONS,No Churn
5522-NYKPB,No Churn
1658-BYGOY,No Churn
6341-JVQGF,No Churn
3243-ZHOHY,Dissatisfaction
3451-VAWLI,No Churn
0727-BMPLR,No Churn
5712-VBOXD,No Churn
3389-YGYAI,No Churn
3214-IYUUQ,No Churn
7816-VGHTO,Competitor
7951-QKZPL,No Churn
4062-HBMOS,No Churn
4948-WBBKL,Attitude
9209-NWPGU,No Churn
6563-VRERX,No Churn
6907-FLBER,No Churn
7233-DRTRF,No Churn
7047-YXDMZ,Price
0191-EQUUH,No Churn
6861-XWTWQ,Attitude
0323-XWWTN,No Churn
7089-XXAYG,No Churn
6941-PMGEP,No Churn
5519-TEEUH,No Churn
5201-USSQZ,No Churn
9601-BRXPO,No Churn
0754-EEBDC,Price
9873-MNDKV,No Churn
6924-TDGMT,No Churn
3945-GFWQL,No Churn
4973-MGTON,No Churn
5357-TZHPP,No Churn
5206-XZZQI,No Churn
2361-UPSND,No Churn
5602-BVFMK,No Churn
4781-ZXYGU,Competitor
1723-HKXJQ,Dissatisfaction
1428-IEDPR,No Churn
1043-YCUTE,No Churn
7632-YUTXB,No Churn
3705-PSNGL,No Churn
2272-QAGFO,No Churn
0916-KNFAJ,No Churn
6204-IEUXJ,Competitor
1325-USMEC,No Churn
7251-XFOIL,No Churn
6950-TWMYB,No Churn
5482-NUPNA,No Churn
2716-GFZOR,No Churn
8138-EALND,No Churn
6300-BWMJX,No Churn
6543-CPZMK,No Churn
5549-ZGHFB,No Churn
2761-XECQW,Attitude
5167-ZFFMM,No Churn
0565-IYCGT,No Churn
2709-UQGNP,No Churn
1218-VKFPE,No Churn
6295-OSINB,Dissatisfaction
6857-VWJDT,No Churn
6618-RYATB,No Churn
6172-FECYY,No Churn
3850-OKINF,No Churn
4607-CHPCA,No Churn
8270-RKSAP,Competitor
1550-EENBN,No Churn
5453-YBTWV,No Churn
6050-IJRHS,No Churn
7566-DSRLQ,Competitor
6211-WHMYA,No Churn
2344-JMOGN,No Churn
1657-DYMBM,Competitor
4010-YLMVT,No Churn
2865-TCHJW,No Churn
8969-PRHFK,No Churn
7730-IUTDZ,No Churn
2969-WGHQO,No Churn
7064-FRRSW,No Churn
8710-YGLWG,No Churn
4254-QPEDE,No Churn
4644-PIZRT,No Churn
3865-ZYKAD,No Churn
8591-TKMZH,Competitor
2673-ZALNP,No Churn
1699-HPSBG,Price
0042-JVWOJ,No Churn
4879-GZLFH,No Churn
2143-LJULT,Dissatisfaction
5397-NSKQG,No Churn
8194-PEEBY,No Churn
3587-PMCOY,No Churn
2202-CUYXZ,No Churn
6147-CBCRA,Competitor
8622-ZLFKO,No Churn
6840-RESVB,No Churn
0616-ATFGB,No Churn
0419-YAAPX,No Churn
5542-TBBWB,No Churn
3957-HHLMR,No Churn
0484-FFVBJ,No Churn
0943-ZQPXH,No Churn
0137-OCGAB,No Churn
3932-IJWDZ,No Churn
6383-ZTSIW,No Churn
0042-RLHYP,No Churn
4403-BWPAY,Dissatisfaction
6457-GIRWB,No Churn
2325-ZUSFD,No Churn
9360-AHGNL,No Churn
0620-DLSLK,No Churn
1612-EOHDH,No Churn
1335-MXCSE,Competitor
8040-MNRTF,Dissatisfaction
9625-QNLUX,Competitor
9054-FOWNV,Other
8679-LZBMD,No Churn
4958-GZWIY,Competitor
3679-XASPY,No Churn
4059-IIEBK,No Churn
6483-OATDN,No Churn
0854-UYHZD,No Churn
7188-CBBBA,No Churn
3374-TTZTK,No Churn
7064-JHXCE,No Churn
4612-SSVHJ,No Churn
9495-SKLKD,No Churn
7244-KXYZN,No Churn
3237-AJGEH,Competitor
0945-TSONX,Competitor
5639-NTUPK,No Churn
7353-YOWFP,No Churn
9947-OTFQU,Competitor
4844-JJWUY,No Churn
8218-FFJDS,No Churn
5222-IMUKT,No Churn
3410-MHHUM,No Churn
2479-BRAMR,Competitor
4683-WYDOU,Competitor
2542-HYGIQ,No Churn
2091-MJTFX,No Churn
0117-LFRMW,No Churn
4585-HETAI,No Churn
5380-XPJNZ,No Churn
7967-HYCDE,No Churn
3470-BTGQO,No Churn
0784-GTUUK,No Churn
8882-TLVRW,No Churn
3055-OYMSE,Competitor
5402-HTOTQ,No Churn
3778-FOAQW,Competitor
6064-ZATLR,No Churn
0013-SMEOE,No Churn
1013-QCWAM,No Churn
2320-YKQBO,No Churn
2651-ZCBXV,No Churn
2347-WKKAE,No Churn
6221-AVQYL,No Churn
0128-MKWSG,No Churn
8779-QRDMV,Attitude
5438-QMDDL,No Churn
5196-SGOAK,No Churn
8883-ANODQ,Other
6137-MFAJN,Competitor
5480-XTFFL,Dissatisfaction
0594-UFTUL,Competitor
5365-LLFYV,No Churn
4006-HKYHO,No Churn
2530-ENDWQ,No Churn
4581-LNWUM,No Churn
7459-RRWQZ,No Churn
3363-DTIVD,Competitor
9372-TXXPS,Competitor
7377-DMMRI,Competitor
5650-YLIBA,Competitor
6620-HVDUJ,No Churn
7860-KSUGX,No Churn
4512-ZUIYL,No Churn
9626-WEQRM,No Churn
5919-TMRGD,No Churn
8319-QBEHW,No Churn
5701-SVCWR,Price
1207-BLKSA,No Churn
5696-CEIQJ,No Churn
2011-TRQYE,No Churn
7163-OCEQI,No Churn
4159-NAAIX,No Churn
2311-QYMUQ,No Churn
4412-YLTKF,No Churn
6647-ZEDXT,No Churn
4464-JCOLN,No Churn
5555-RNPGT,No Churn
2325-WINES,No Churn
6124-ACRHJ,Competitor
4697-LUPSU,No Churn
3950-VPYJB,Competitor
2284-VFLKH,Dissatisfaction
6870-ZWMNX,No Churn
9305-CDSKC,No Churn
6168-WFVVF,No Churn
4090-KPJIP,Attitude
7923-IYJWY,No Churn
1334-PDUKM,Competitor
1956-YIFGE,No Churn
3707-GNWHM,No Churn
7161-DFHUF,No Churn
2990-OGYTD,No Churn
8242-SOQUO,Price
7993-NQLJE,Competitor
2303-PJYHN,No Churn
7493-GVFIO,No Churn
5334-JLAXU,No Churn
7538-GWHML,No Churn
5148-ORICT,Competitor
7851-WZEKY,No Churn
8543-MSDMF,No Churn
2122-YWVYA,No Churn
8098-TDCBU,Dissatisfaction
3230-JCNZS,Competitor
3018-TFTSU,No Churn
5349-IECLD,No Churn
0956-ACVZC,No Churn
9057-MSWCO,No Churn
8722-NGNBH,No Churn
5569-OUICF,No Churn
4049-ZPALD,No Churn
8565-CLBZW,No Churn
4325-NFSKC,No Churn
5917-RYRMG,No Churn
0122-OAHPZ,No Churn
5522-JBWMO,No Churn
9069-LGEUL,No Churn
6311-UEUME,No Churn
4396-KLSEH,No Churn
6131-JLWZM,Competitor
0282-NVSJS,Attitude
9987-LUTYD,No Churn
8807-OPMBM,Attitude
7673-LPRNY,Price
3737-GCSPV,Attitude
1227-UDMZR,No Churn
0564-JJHGS,No Churn
1597-LHYNC,No Churn
7552-KEYGT,No Churn
0621-TWIEM,No Churn
7526-IVLYU,No Churn
3910-MRQOY,No Churn
1217-VASWC,Attitude
6199-IWKGC,Attitude
0491-KAPQG,No Churn
7706-YLMQA,No Churn
7572-KPVKK,Competitor
0454-OKRCT,No Churn
6682-VCIXC,No Churn
3612-YUNGG,No Churn
9964-WBQDJ,No Churn
2332-EFBJY,Competitor
6769-DYBQN,Competitor
3935-TBRZZ,No Churn
4824-GUCBY,No Churn
4002-BQWPQ,No Churn
6712-OAWRH,No Churn
1735-XMJVH,No Churn
0440-UEDAI,No Churn
9297-EONCV,No Churn
7682-AZNDK,Attitude
5982-PSMKW,No Churn
8812-ZRHFP,No Churn
5177-RVZNU,No Churn
3703-VAVCL,No Churn
7590-VHVEG,Dissatisfaction
7526-BEZQB,No Churn
6968-URWQU,No Churn
8992-JQYUN,No Churn
0302-JOIVN,Competitor
5414-OFQCB,Competitor
1618-CFHME,Attitude
1977-STDKI,No Churn
8217-QYOHV,No Churn
0363-SVHYR,Other
9347-AERRL,Attitude
5886-VLQVU,No Churn
5231-FIQPA,No Churn
8844-TONUD,No Churn
6380-ARCEH,Dissatisfaction
2817-NTQDO,No Churn
1096-ADRUX,No Churn
1989-PRJHP,No Churn
5170-PTRKA,No Churn
4350-ZTLPI,No Churn
2916-BQZLN,Price
4660-IRIBM,No Churn
5702-KVQRD,No Churn
0311-UNPFF,Competitor
0899-LIIBW,No Churn
6169-PPETC,No Churn
7779-ORAEL,No Churn
1494-EJZDW,No Churn
1635-HDGFT,No Churn
6202-JVYEU,Competitor
4342-HFXWS,Competitor
6625-FLENO,No Churn
5934-TSSAU,No Churn
3068-OMWZA,Price
9314-QDMDW,No Churn
8017-UVSZU,Dissatisfaction
8510-BBWMU,No Churn
2868-LLSKM,No Churn
4939-KYYPY,No Churn
8496-DMZUK,Attitude
4895-TMWIR,No Churn
7921-LMDFQ,No Churn
8822-KNBHV,No Churn
6356-ELRKD,No Churn
2276-YDAVZ,No Churn
2325-NBPZG,No Churn
9667-TKTVZ,Competitor
8731-WBBMB,No Churn
7529-ZDFXI,No Churn
1493-AMTIE,No Churn
9894-QMIMJ,No Churn
4471-KXAUH,No Churn
7777-UNYHB,Dissatisfaction
0233-FTHAV,Attitude
8467-WYNSR,No Churn
8590-YFFQO,No Churn
0708-LGSMF,Price
8006-PYCSW,No Churn
0479-HMSWA,Competitor
1561-BWHIN,Competitor
8584-KMVXD,No Churn
7940-UQQUG,No Churn
6549-NNDYT,No Churn
1982-FEBTD,No Churn
3893-JRNFS,No Churn
0407-BDJKB,Attitude
1338-CECEE,No Churn
7382-DFJTU,No Churn
4846-WHAFZ,No Churn
9881-VCZEP,No Churn
7398-LXGYX,Competitor
4139-JPIAM,No Churn
8008-ESFLK,No Churn
7821-DPRQE,No Churn
5140-FOMCQ,No Churn
6253-WRFHY,No Churn
7854-FOKSF,Price
7384-GHBPI,No Churn
2900-PHPLN,No Churn
6305-YLBMM,No Churn
3170-GWYKC,No Churn
0907-HQNTS,No Churn
7115-IRDHS,No Churn
4702-IOQDC,Other
6899-PPEEA,No Churn
5294-IMHHT,No Churn
2710-WYVXG,No Churn
7326-RIGQZ,Price
2324-EFHVG,No Churn
3129-AAQOU,No Churn
5406-KGRMX,No Churn
2903-YYTBW,No Churn
8875-AKBYH,No Churn
7850-VWJUU,No Churn
0619-OLYUR,No Churn
0440-QEXBZ,Competitor
6135-OZQVA,No Churn
1376-HHBDV,No Churn
1017-FBQMM,Competitor
9512-PHSMG,Competitor
5975-BAICR,No Churn
8174-TBVCF,No Churn
8904-OPDCK,No Churn
2656-FMOKZ,Competitor
4054-CUMIA,No Churn
3199-NPKCN,No Churn
7641-EUYET,No Churn
5242-UOWHD,No Churn
6738-ISCBM,No Churn
6214-EDAKZ,Competitor
5027-QPKTE,No Churn
3871-IKPYH,No Churn
0103-CSITQ,Competitor
7317-GGVPB,No Churn
1567-DSCIC,No Churn
2729-VNVAP,No Churn
5939-SXWHM,Dissatisfaction
8690-UPCZI,No Churn
7997-EASSD,No Churn
1814-DKOLC,No Churn
8671-KKKOS,No Churn
6259-WJQLC,No Churn
6179-GJPSO,No Churn
2604-IJPDU,No Churn
2250-IVBWA,No Churn
6726-WEXXK,Competitor
4918-FYJNT,No Churn
3938-YFPXD,No Churn
2521-NPUZR,Competitor
0017-DINOC,No Churn
4013-UBXWQ,No Churn
1534-OULXE,No Churn
4926-UMJZD,No Churn
3030-YDNRM,No Churn
3030-YZADT,No Churn
6862-CQUMB,Attitude
0611-DFXKO,Other
6891-JPYFF,No Churn
7018-WBJNK,No Churn
7727-SHVZV,No Churn
5766-FTRTS,No Churn
2452-SNHFZ,No Churn
0685-MLYYM,No Churn
0215-BQKGS,Attitude
7758-XKCBS,No Churn
6400-BWQKW,Competitor
1357-MVDOZ,No Churn
2137-DQMEV,No Churn
0691-JVSYA,No Churn
4423-JWZJN,Attitude
4220-TINQT,No Churn
8375-DKEBR,No Churn
9058-HRZSV,Dissatisfaction
2359-QWQUL,No Churn
7395-IGJOS,Dissatisfaction
7595-EHCDL,No Churn
6839-ITVZJ,No Churn
4759-TRPLW,No Churn
0746-JTRFU,Competitor
6907-NZZIJ,No Churn
0260-ZDLGK,No Churn
3655-SNQYZ,Competitor
9102-OXKFY,Competitor
6223-DHJGV,Competitor
7594-LZNWR,Competitor
1841-YSJGV,No Churn
5519-NPHVG,No Churn
1722-LDZJS,No Churn
4282-MSACW,Competitor
0727-BNRLG,No Churn
9142-KZXOP,No Churn
9874-QLCLH,No Churn
5906-BFOZT,No Churn
3969-GYXEL,No Churn
8033-VCZGH,No Churn
6048-QBXKL,Competitor
0374-FIUCA,No Churn
2639-UGMAZ,No Churn
3398-ZOUAA,No Churn
5294-DMSFH,No Churn
8676-TRMJS,No Churn
1135-LMECX,Other
6766-HFKLA,No Churn
2169-RRLFW,No Churn
7964-YESJC,No Churn
1024-KPRBB,No Churn
0581-MDMPW,Competitor
2226-ICFDO,No Churn
6981-TDRFT,No Churn
9659-QEQSY,No Churn
5669-SRAIP,Other
5673-TIYIB,No Churn
9801-GDWGV,No Churn
9448-REEVD,No Churn
0794-YVSGE,No Churn
0378-CJKPV,No Churn
4510-HIMLV,No Churn
8562-GHPPI,No Churn
9570-KYEUA,No Churn
1755-RMCXH,No Churn
2155-AMQRX,No Churn
3721-CNZHX,Attitude
4983-CLMLV,No Churn
8837-VVWLQ,No Churn
6174-NRBTZ,No Churn
4616-EWBNJ,No Churn
1935-IMVBB,No Churn
8645-KWHJO,Competitor
8623-ULFNQ,No Churn
3612-YVGSJ,Price
7083-MIOPC,No Churn
6016-NXBNJ,No Churn
1400-MMYXY,Price
6834-NXDCA,No Churn
2805-EDJPQ,Competitor
4647-XXZAM,No Churn
5914-GXMDA,Competitor
5681-LLOEI,Competitor
5651-CRHKQ,No Churn
0224-NIJLP,No Churn
8728-SKJLR,No Churn
5035-PGZXH,No Churn
9795-VOWON,Dissatisfaction
5271-YNWVR,No Churn
6260-ONULR,No Churn
6614-FHDBO,No Churn
1154-HYWWO,Competitor
9200-NLNPD,No Churn
8705-DWKTI,No Churn
6857-TKDJV,No Churn
6972-SNKKW,Competitor
0374-IOEGQ,No Churn
1371-WEPDS,No Churn
3262-EIDHV,No Churn
5977-CKHON,No Churn
4184-VODJZ,No Churn
7328-OWMOM,No Churn
8128-YVJRG,No Churn
0361-HJRDX,No Churn
8577-QSOCG,No Churn
9027-YFHQJ,No Churn
8182-BJDSI,No Churn
3254-YRILK,Competitor
0365-BZUWY,No Churn
3594-IVHJZ,No Churn
9732-EQMWY,No Churn
4130-MZLCC,No Churn
5650-VDUDS,No Churn
6629-CZTTH,No Churn
9194-GFVOI,No Churn
7649-SIJJF,No Churn
9805-FILKB,No Churn
9586-JGQKH,Competitor
5510-BOIUJ,No Churn
8003-EWNDZ,No Churn
6158-DWPZT,Competitor
6368-TZZDT,No Churn
6715-OFDBP,No Churn
0842-IWYCP,Competitor
8610-WFCJF,No Churn
1763-WQFUK,No Churn
1319-YLZJG,No Churn
7235-NXZCP,Other
5931-FLJJF,No Churn
3419-SNJJD,No Churn
7284-ZZLOH,No Churn
9746-MDMBK,No Churn
5857-TYBCJ,No Churn
7470-MCQTK,No Churn
9633-XQABV,No Churn
2525-GVKQU,No Churn
6328-ZPBGN,No Churn
7109-MFBYV,No Churn
0795-GMVQO,Other
2038-LLMLM,No Churn
7554-NEWDD,Attitude
1342-JPNKI,Competitor
0411-EZJZE,No Churn
6917-FIJHC,No Churn
4716-HHKQH,No Churn
0096-FCPUF,No Churn
1689-MRZQR,Other
8884-FEEWR,Price
5244-IRFIH,Competitor
2055-BFOCC,No Churn
0927-LCSMG,No Churn
4897-QSUYC,No Churn
1131-SUEKT,No Churn
4622-YNKIJ,No Churn
1436-ZMJAN,No Churn
0744-BIKKF,No Churn
5016-IBERQ,Competitor
8387-UGUSU,No Churn
5840-NVDCG,No Churn
3842-QTGDL,No Churn
7861-UVUFT,Dissatisfaction
9825-YCXWZ,No Churn
1143-NMNQJ,No Churn
5649-TJHOV,No Churn
3413-CSSTH,No Churn
5574-NXZIU,No Churn
6474-FVJLC,No Churn
4628-CTTLA,No Churn
7758-UJWYS,No Churn
7369-TRPFD,No Churn
7633-MVPUY,No Churn
7739-LAXOG,No Churn
0074-HDKDG,No Churn
4816-OKWNX,Competitor
0670-ANMUU,No Churn
8277-RVRSV,No Churn
6711-FLDFB,No Churn
3378-AJRAO,No Churn
5353-WILCI,No Churn
4998-IKFSE,No Churn
5924-SNGKP,No Churn
9134-WYRVP,Competitor
6119-SPUDB,Attitude
3198-VELRD,No Churn
4750-ZRXIU,Other
5311-IHLEI,No Churn
1636-NTNCO,No Churn
5204-QZXPU,No Churn
4301-VVZKA,No Churn
7126-RBHSD,Competitor
8573-JGCZW,Competitor
3806-YAZOV,No Churn
9979-RGMZT,No Churn
2346-CZYIL,No Churn
6447-EGDIV,No Churn
3387-VATUS,No Churn
8961-QDZZJ,Price
9046-JBFWA,No Churn
7268-IGMFD,Competitor
2874-YXVVA,Competitor
2039-JONDJ,No Churn
2282-YGNOR,No Churn
6922-NCEDI,Other
2660-EMUBI,Competitor
1363-TXLSL,No Churn
6060-QBMGV,Competitor
6087-MVHJH,No Churn
5751-USDBL,No Churn
4657-FWVFY,Price
0080-OROZO,No Churn
3308-DGHKL,No Churn
1525-LNLOJ,No Churn
2592-HODOV,Competitor
1297-VQDRP,No Churn
3847-BAERP,No Churn
0463-ZSDNT,No Churn
0523-VNGTF,Competitor
1608-GMEWB,No Churn
0840-DCNZE,Attitude
4957-SREEC,No Churn
2833-SLKDQ,No Churn
1304-SEGFY,No Churn
8894-JVDCV,No Churn
0480-BIXDE,Attitude
1658-XUHBX,Dissatisfaction
3811-VBYBZ,No Churn
2516-XSJKX,Price
5753-QQWPW,No Churn
4450-YOOHP,Competitor
7924-GJZFI,No Churn
7254-IQWOZ,No Churn
6333-YDVLT,No Churn
0853-NWIFK,No Churn
9391-DXGGG,No Churn
1183-CANVH,No Churn
7663-ZTEGJ,No Churn
4690-PKDQG,No Churn
1936-UAFEH,No Churn
9554-DFKIC,Competitor
3489-VSFRD,Competitor
4567-AKPIA,No Churn
7698-YFGEZ,No Churn
4310-KEDTB,No Churn
6358-LYNGM,Competitor
3733-LSYCE,No Churn
4826-XTSOH,No Churn
4135-FRWKJ,No Churn
8481-YYXWG,No Churn
8748-HFWBO,No Churn
2599-CZABP,No Churn
6621-NRZAK,No Churn
6546-OPBBH,No Churn
6686-YPGHK,Dissatisfaction
1921-KYSAY,No Churn
2403-BCASL,Competitor
0997-YTLNY,No Churn
9972-VAFJJ,Attitude
6769-DCQLI,No Churn
4559-UWIHT,No Churn
4283-FUTGF,No Churn
5902-WBLSE,No Churn
6967-PEJLL,No Churn
6127-IYJOZ,No Churn
6916-HIJSE,No Churn
2984-RGEYA,No Churn
2748-MYRVK,No Churn
0164-APGRB,Competitor
2446-PLQVO,Competitor
9158-VCTQB,No Churn
3258-ZKPAI,Other
7271-AJDTL,No Churn
0909-SELIE,Attitude
7838-LAZFO,No Churn
3411-WLRSQ,Competitor
3791-LGQCY,No Churn
7319-VENRZ,No Churn
2208-NQBCT,Attitude
7674-YTAFD,No Churn
8160-HOWOX,No Churn
5296-PSYVW,No Churn
3420-YJLQT,No Churn
3070-DVEYC,No Churn
0266-CLZKZ,No Churn
3551-HUAZH,No Churn
6959-UWKHF,No Churn
2604-XVDAM,Competitor
9717-IOAAF,No Churn
5570-PTWEH,Price
6331-LWDTQ,No Churn
9753-OYLBX,Attitude
3982-JGSFD,Other
8058-INTPH,No Churn
1866-RZZQS,No Churn
8402-EIVQS,Dissatisfaction
1750-CSKKM,No Churn
2387-KDZQY,No Churn
9489-DEDVP,No Churn
1872-EBWSC,No Churn
2845-KDHVX,Competitor
7321-ZNSLA,Attitude
8375-KVTHK,Competitor
5729-KLZAR,No Churn
7964-ZRKKG,No Churn
7000-WCEVQ,No Churn
7881-EVUAD,Other
5473-KHBPS,Competitor
1996-DBMUS,No Churn
7147-AYBAA,No Churn
0513-RBGPE,No Churn
2129-ALKBS,No Churn
1794-SWWKL,No Churn
5802-ADBRC,No Churn
1131-QQZEB,No Churn
0196-JTUQI,Competitor
1273-MTETI,No Churn
2749-CTKAJ,No Churn
7216-KAOID,No Churn
6959-GQEGV,No Churn
7623-TRNQN,No Churn
7156-MXBJE,Price
8808-ELEHO,Competitor
0310-SUCIN,Price
4298-OYIFC,No Churn
1539-LNKHM,Competitor
5044-LRQAQ,Other
6746-WAUWT,No Churn
2114-MGINA,No Churn
4514-GFCFI,No Churn
4636-QRJKY,No Churn
0582-AVCLN,Price
9237-HQITU,Dissatisfaction
9112-WSNPU,No Churn
3824-RHKVR,No Churn
5168-MSWXT,Dissatisfaction
7869-ZYDST,No Churn
3785-KTYSH,No Churn
4717-GHADL,No Churn
8336-TAVKX,No Churn
5788-YPOEG,No Churn
5863-OOKCL,Dissatisfaction
5297-MDOIR,No Churn
5458-CQJTA,No Churn
7047-FWEYA,Attitude
1396-QWFBJ,No Churn
1399-OUPJN,No Churn
2580-ASVVY,No Churn
0486-LGCCH,No Churn
4391-RESHN,No Churn
2465-BLLEU,No Churn
0392-BZIUW,No Churn
6586-MYGKD,No Churn
4732-RRJZC,No Churn
6260-XLACS,No Churn
6173-GOLSU,Dissatisfaction
1027-LKKQQ,No Churn
7240-ETPTR,No Churn
7463-IFMQU,No Churn
9730-DRTMJ,No Churn
6772-KSATR,No Churn
6645-MXQJT,Competitor
8294-UIMBA,No Churn
2921-XWDJH,No Churn
3855-ONCAR,No Churn
6691-CCIHA,No Churn
9715-SBVSU,Competitor
5397-TUPSH,Dissatisfaction
1357-BIJKI,No Churn
7247-XOZPB,No Churn
2135-DQWAQ,Other
1029-QFBEN,No Churn
2157-MXBJS,No Churn
1455-ESIQH,No Churn
3003-CMDUU,No Churn
7025-WCBNE,No Churn
0727-IWKVK,No Churn
6823-SIDFQ,No Churn
4927-WWOOZ,Competitor
2616-FLVQC,No Churn
4361-BKAXE,Competitor
7137-RYLPP,No Churn
6646-VRFOL,No Churn
2533-QVMSK,No Churn
6551-ZCOTS,No Churn
1447-PJGGA,Price
2419-FSORS,No Churn
3545-CNWRG,Price
9833-TGFHX,No Churn
0468-YRPXN,No Churn
7596-ZYWBB,No Churn
4644-OBGFZ,No Churn
2002-MZHWP,Attitude
2856-HYAPG,Competitor
4759-PXTAN,Price
3675-YDUPJ,No Churn
2616-UUTFK,No Churn
5446-DKWYW,No Churn
6352-TWCAU,No Churn
0508-SQWPL,No Churn
3410-YOQBQ,No Churn
0519-DRGTI,No Churn
6384-VMJHP,Competitor
9361-YNQWJ,No Churn
1137-DGOWI,No Churn
4282-YMKNA,Attitude
5324-KTGCG,No Churn
8183-ONMXC,Competitor
9621-OUPYD,No Churn
8456-QDAVC,No Churn
5696-EXCYS,No Churn
6982-UQZLY,No Churn
1116-DXXDF,Other
9108-EJFJP,Dissatisfaction
9688-YGXVR,No Churn
9602-WCXPI,No Churn
2925-VDZHY,No Churn
8267-KFGYD,Attitude
6569-KTMDU,No Churn
2675-DHUTR,No Churn
5167-GBFRE,No Churn
2043-WVTQJ,No Churn
0895-LMRSF,No Churn
5457-COLHT,No Churn
7617-EYGLW,No Churn
9957-YODKZ,No Churn
3011-WQKSZ,Other
8224-IVVPA,No Churn
6685-XSHHU,No Churn
3656-TKRVZ,No Churn
0761-AETCS,No Churn
7248-VZQLC,Competitor
7294-TMAOP,No Churn
8805-JNRAZ,No Churn
9524-EGPJC,No Churn
3563-SVYLG,No Churn
1216-BGTSP,No Churn
5777-KJIRB,No Churn
8024-XNAFQ,Dissatisfaction
2386-LAHRK,Competitor
4012-YCFAI,Attitude
6861-OKBCE,No Churn
1705-GUHPV,No Churn
2995-YWTCD,No Churn
1163-ONYEY,No Churn
7576-OYWBN,No Churn
1930-BZLHI,No Churn
6614-VBEGU,No Churn
8220-OCUFY,No Churn
0021-IKXGC,Price
5959-BELXA,No Churn
9233-PSYHO,No Churn
0023-HGHWL,Dissatisfaction
6087-YPWHO,No Churn
5317-FLPJF,No Churn
1927-QEWMY,No Churn
9350-ZXYJC,No Churn
1724-BQUHA,Competitor
1047-NNCBF,Dissatisfaction
8625-AZYZY,No Churn
4018-KJYUY,No Churn
9068-FHQHD,No Churn
7026-YMSBE,No Churn
5176-OLSKT,Competitor
4547-KQRTM,Competitor
2582-FFFZR,No Churn
9514-JDSKI,No Churn
9821-POOTN,Attitude
4361-FEBGN,No Churn
1264-BYWMS,Attitude
8058-JMEQO,No Churn
3932-CMDTD,No Churn
9631-XEYKE,Competitor
2208-UGTGR,No Churn
7354-OIJLX,Attitude
0257-ZESQC,No Churn
9210-IAHGH,No Churn
9738-QLWTP,No Churn
7394-FKDNK,Attitude
5980-NOPLP,Competitor
7270-BDIOA,Other
0730-BGQGF,Dissatisfaction
9013-AQORL,No Churn
6242-FEGFD,Price
4077-HWUYD,No Churn
3658-KIBGF,No Churn
7198-GLXTC,No Churn
9199-PWQVC,No Churn
9644-UMGQA,No Churn
8564-LDKFL,Dissatisfaction
1666-JXLKU,No Churn
0156-FVPTA,No Churn
9391-YZEJW,No Churn
2007-QVGAW,Price
9565-DJPIB,No Churn
3229-USWAR,No Churn
8033-ATFAS,Price
0932-YIXYU,Dissatisfaction
2242-MFOTG,No Churn
5707-ZMDJP,No Churn
6696-YDAYZ,No Churn
1400-WIVLL,No Churn
5614-DNZCE,Competitor
1832-PEUTS,No Churn
6646-QVXLR,No Churn
5835-BEQEU,No Churn
4614-NUVZD,Dissatisfaction
7571-YXDAD,No Churn
5385-SUIRI,No Churn
7234-FECYN,No Churn
0822-GAVAP,Competitor
6161-UUUTA,No Churn
8421-WZOOW,Price
0607-MVMGC,No Churn
2612-PHGOX,Attitude
7486-KSRVI,No Churn
6476-EPYZR,No Churn
3399-BMLVW,No Churn
2656-TABEH,No Churn
1866-DIOQZ,Competitor
8990-YOZLV,No Churn
6522-OIQSX,Other
9647-ERGBE,No Churn
0487-CRLZF,No Churn
5176-LMJXE,Attitude
1602-IJQQE,No Churn
7931-PXHFC,No Churn
0060-FUALY,No Churn
4203-QGNZA,No Churn
8535-SFUTN,No Churn
9392-XBGTD,No Churn
0147-ESWWR,No Churn
2472-OVKUP,No Churn
1591-MQJTP,No Churn
0979-PHULV,No Churn
0547-HURJB,No Churn
5985-TBABQ,No Churn
2386-OWURY,Dissatisfaction
1399-UBQIU,No Churn
8361-LBRDI,Competitor
6469-MRVET,No Churn
0484-JPBRU,No Churn
8885-QSQBX,No Churn
2746-DIJLO,No Churn
6234-RAAPL,No Churn
8108-UXRQN,No Churn
8495-LJDFO,No Churn
2205-LPVGL,No Churn
5996-DAOQL,No Churn
5419-JKZNQ,No Churn
8905-IAZPF,No Churn
6711-VTNRE,Competitor
3712-PKXZA,No Churn
5052-PNLOS,No Churn
2193-SFWQW,No Churn
7030-NJVDP,Competitor
1599-MMYRQ,No Churn
8295-KMENE,No Churn
0390-DCFDQ,No Churn
3858-VOBET,No Churn
4199-QHJNM,Other
4236-UJPWO,Competitor
2188-SXWVT,No Churn
8069-YQQAJ,No Churn
7527-QNRUS,No Churn
9801-NOSHQ,Competitor
8540-ZQGEA,No Churn
0829-DDVLK,No Churn
9172-ANCRX,No Churn
5249-QYHEX,No Churn
0442-ZXKVS,No Churn
2725-TTRIQ,No Churn
3635-QQRQD,Other
1866-ZSLJM,No Churn
3866-MDTUB,Competitor
1905-OEILC,No Churn
9367-WXLCH,No Churn
7134-MJPDY,Competitor
1448-CYWKC,No Churn
0674-GCDXG,Price
2758-RNWXS,No Churn
4317-VTEOA,No Churn
3796-ENZGF,No Churn
9851-QXEEQ,No Churn
7153-CHRBV,No Churn
1704-NRWYE,No Churn
0129-QMPDR,Dissatisfaction
9950-MTGYX,Other
1564-HJUVY,No Churn
2634-HCZGT,No Churn
7096-UCLNH,Competitor
2657-ALMWY,No Churn
5642-MHDQT,No Churn
1571-SAVHK,No Churn
9350-VLHMB,No Churn
9770-KXGQU,No Churn
2040-VZIKE,No Churn
0628-CNQRM,No Churn
4194-FJARJ,No Churn
2088-IEBAU,No Churn
6267-DCFFZ,No Churn
6563-VNPMN,Competitor
9127-FHJBZ,Competitor
6585-WCEWR,Competitor
6231-WFGFH,Price
1402-PTHGN,Competitor
5609-IMCGG,No Churn
4423-YLHDV,No Churn
2619-WFQWU,No Churn
7021-XSNYE,Other
7912-SYRQT,Competitor
2239-CGBUZ,No Churn
8566-YPRGL,No Churn
3776-EKTKM,No Churn
9978-HYCIN,No Churn
6910-HADCM,No Churn
4808-YNLEU,Competitor
6804-GDMOI,No Churn
5921-NGYRH,Other
9711-FJTBX,No Churn
5850-BDWCY,No Churn
6668-CNMFP,No Churn
6128-AQBMT,Attitude
0174-QRVVY,Other
2774-LVQUS,No Churn
3195-TQDZX,No Churn
7503-EPSZW,No Churn
8158-WPEZG,No Churn
8645-KOMJQ,No Churn
3523-QRQLL,No Churn
8819-WFGGJ,No Churn
7153-OANIO,No Churn
9173-IVZVP,No Churn
7771-CFQRQ,Attitude
7956-XQWGU,No Churn
8316-BBQAY,No Churn
8580-QVLOC,No Churn
4065-JJAVA,No Churn
0203-HHYIJ,No Churn
4210-QFJMF,No Churn
7643-RCHXS,No Churn
2612-RANWT,No Churn
3450-WXOAT,No Churn
7614-QVWQL,Price
9058-CBREO,No Churn
8779-YIQQA,No Churn
9959-WOFKT,No Churn
8066-POXGX,No Churn
9752-ZNQUT,Competitor
4877-EVATK,No Churn
5204-HMGYF,No Churn
2474-LCNUE,No Churn
0168-XZKBB,No Churn
8637-XJIVR,Competitor
3714-XPXBW,No Churn
2257-BOVXD,Price
8393-DLHGA,No Churn
9702-AIUJO,No Churn
7508-MYBOG,Dissatisfaction
4074-SJFFA,No Churn
8706-HRADD,No Churn
0887-WBJVH,No Churn
9555-SAHUZ,No Churn
9465-RWMXL,No Churn
2546-KZAAT,No Churn
5448-VWNAM,No Churn
4936-YPJNK,No Churn
9348-YVOMK,No Churn
9888-ZCUMM,No Churn
8148-NLEGT,No Churn
5600-KTXFM,No Churn
2988-QRAJY,No Churn
4061-UKJWL,Competitor
8718-PTMEZ,No Churn
6298-QDFNH,No Churn
6116-RFVHN,No Churn
7157-SMCFK,No Churn
3519-ZKXGG,No Churn
8232-CTLKO,No Churn
4124-MMETB,Other
7580-UGXNC,No Churn
5813-UECBU,No Churn
2141-RRYGO,No Churn
1360-RCYRT,No Churn
1302-UHBDD,No Churn
1169-SAOCL,No Churn
7495-OOKFY,No Churn
5839-SUYVZ,Price
6188-UXBBR,Competitor
2200-DSAAL,No Churn
4678-DVQEO,No Churn
6005-OBZPH,No Churn
9795-SHUHB,No Churn
9356-AXGMP,No Churn
1245-HARPS,Dissatisfaction
0078-XZMHT,No Churn
8853-TZDGH,No Churn
9620-QJREV,No Churn
3113-IWHLC,Dissatisfaction
3324-OIRTO,No Churn
3570-YUEKJ,No Churn
7581-EBBOU,No Churn
7750-EYXWZ,Attitude
5360-LJCNJ,No Churn
7517-LDMPS,No Churn
2592-SEIFQ,Competitor
3794-NFNCH,No Churn
8920-NAVAY,No Churn
4674-HGNUA,No Churn
2674-MLXMN,Price
8561-NMTBD,No Churn
6960-HVYXR,No Churn
0864-FVJNJ,No Churn
8395-ETZKQ,No Churn
1544-JJMYL,Attitude
6317-YPKDH,Attitude
8305-VHZBZ,No Churn
8205-VSLRB,Competitor
0019-EFAEP,No Churn
2821-WARNZ,No Churn
2694-CIUMO,No Churn
9931-KGHOA,No Churn
0011-IGKFF,No Churn
0617-AQNWT,No Churn
0859-YGKFW,No Churn
4826-DXMUP,No Churn
1431-AIDJQ,No Churn
3197-NNYNB,Competitor
2990-HWIML,No Churn
1751-NCDLI,No Churn
7112-OPOTK,No Churn
4009-ALQFH,Competitor
1089-XZWHH,No Churn
4320-QMLLA,No Churn
6349-JDHQP,Competitor
2737-YNGYW,No Churn
1907-UBQFC,No Churn
6923-EFPNL,No Churn
4526-ZJJTM,No Churn
0093-EXYQL,No Churn
0337-CNPZE,Competitor
8382-SHQEH,No Churn
3482-ABPKK,Dissatisfaction
1406-PUQVY,No Churn
6303-KFWSL,No Churn
8947-YRTDV,Other
9000-PLFUZ,No Churn
9617-UDPEU,No Churn
5656-JAMLX,Other
6345-ULYRW,Dissatisfaction
3400-ESFUW,No Churn
4923-ADWXJ,Competitor
6650-VJONK,Attitude
7504-UWHNB,No Churn
9848-JQJTX,No Churn
0575-CUQOV,No Churn
2560-QTSBS,No Churn
1187-WILMM,No Churn
9853-JFZDU,No Churn
4013-TLDHQ,No Churn
5651-WYIPH,No Churn
6302-JGYRJ,No Churn
8634-CILSZ,No Churn
1644-IRKSF,Competitor
9651-GTSAQ,No Churn
9878-TNQGW,No Churn
7609-NRNCA,No Churn
7969-FFOWG,Attitude
7632-MNYOY,Competitor
2079-FBMZK,No Churn
1465-VINDH,No Churn
2220-IAHLS,No Churn
1591-NFNLQ,No Churn
6650-BWFRT,No Churn
5995-SNNEW,No Churn
1352-HNSAW,No Churn
8010-EZLOU,No Churn
4531-AUZNK,No Churn
6211-WWLTF,Attitude
9867-XOBQA,Price
0107-YHINA,No Churn
7971-HLVXI,No Churn
3565-UNOCC,Dissatisfaction
8818-XYFCQ,Dissatisfaction
0557-ASKVU,No Churn
9259-PACGQ,Other
5229-DTFYB,Dissatisfaction
2186-QZEYA,No Churn
8092-NLTGF,No Churn
4248-QPAVC,No Churn
5965-GGPRW,No Churn
3454-JFUBC,No Churn
8182-PNAGI,No Churn
2181-TIDSV,No Churn
4819-HJPIW,No Churn
0420-TXVSG,Competitor
8120-JDCAM,No Churn
2027-FECZV,No Churn
0831-JNISG,Other
5879-SESNB,No Churn
7825-GKXMW,Competitor
0345-XMMUG,No Churn
8631-NBHFZ,No Churn
2740-JFBOK,No Churn
2931-SVLTV,No Churn
3999-QGRJH,No Churn
4741-WWJQZ,Competitor
0704-VCUMB,No Churn
6077-BDPXA,Attitude
8631-WUXGY,Price
2436-QBZFP,No Churn
7138-GIRSH,No Churn
1231-YNDEK,Dissatisfaction
4959-JOSRX,No Churn
8800-ZKRFW,No Churn
4455-BFSPD,No Churn
3422-GALYP,No Churn
5084-OOVCJ,Competitor
8028-PNXHQ,No Churn
7601-DHFWZ,No Churn
8229-TNIQA,No Churn
6993-YGFJV,Dissatisfaction
4835-YSJMR,No Churn
4513-CXYIX,No Churn
5494-HECPR,No Churn
1689-YQBYY,No Churn
1862-SKORY,Competitor
9889-TMAHG,No Churn
5668-MEISB,Competitor
8651-ENBZX,Price
4854-SSLTN,No Churn
2862-JVEOY,No Churn
8593-WHYHV,Other
9330-IJWIO,No Churn
4853-OITSN,No Churn
4603-JANFB,No Churn
8648-PFRMP,Other
4335-BSMJS,No Churn
2522-AHJXR,No Churn
5649-ANRML,No Churn
3892-NXAZG,Competitor
1156-ZFYDO,No Churn
8938-UMKPI,No Churn
0897-FEGMU,No Churn
7244-QWYHG,No Churn
6185-TASNN,No Churn
3913-RDSJZ,No Churn
0301-FIDRB,No Churn
4366-CTOUZ,No Churn
0481-SUMCB,No Churn
7921-BEPCI,Dissatisfaction
3307-TLCUD,Attitude
3523-BRGUW,Attitude
1680-VDCWW,Other
0988-JRWWP,No Churn
6583-QGCSI,Competitor
3144-KMTWZ,No Churn
2577-GVSIL,No Churn
9821-BESNZ,No Churn
7361-YPXFS,No Churn
0378-XSZPU,No Churn
1518-OMDIK,No Churn
8100-HZZLJ,No Churn
7113-HIPFI,No Churn
7242-EDTYC,No Churn
0366-NQSHS,Competitor
0428-IKYCP,No Churn
3518-FSTWG,No Churn
6139-ZZRBQ,No Churn
1725-MIMXW,Attitude
8229-MYEJZ,No Churn
2192-OZITF,No Churn
5135-GRQJV,No Churn
7266-GSSJX,Competitor
5348-CAGXB,No Churn
5562-BETPV,No Churn
0567-GGCAC,Dissatisfaction
4067-HLYQI,No Churn
6682-QJDGB,Competitor
9928-BZVLZ,No Churn
3227-WLKLI,No Churn
6568-POCUI,No Churn
6032-KRXXO,No Churn
0464-WJTKO,Competitor
4795-WRNVT,No Churn
9614-RMGHA,Attitude
3174-AKMAS,Price
1508-DFXCU,Competitor
3082-WQRVY,No Churn
8910-ICHIU,No Churn
0723-FDLAY,Competitor
6776-TLWOI,No Churn
1552-AAGRX,No Churn
5046-NUHWD,No Churn
0723-VSOBE,Competitor
7634-HLQJR,No Churn
6229-UOLQL,Competitor
8050-WYBND,No Churn
3211-ILJTT,Price
2674-MIAHT,Competitor
1307-TVUFB,Other
2722-VOJQL,Competitor
8970-ANWXO,No Churn
3566-CAAYU,No Churn
3571-RFHAR,Competitor
0702-PGIBZ,No Churn
2408-TZMJL,Competitor
5339-PXDVH,No Churn
0980-PVMRC,No Churn
8203-XJZRC,No Churn
2896-TBNBE,No Churn
5312-UXESG,No Churn
1403-GYAFU,No Churn
3181-MIZBN,Price
8393-JMVMB,No Churn
5313-FPXWG,No Churn
3750-CKVKH,No Churn
9668-PUGNU,No Churn
7318-EIVKO,Competitor
1776-SPBWV,No Churn
6461-SZMCV,No Churn
2885-HIJDH,No Churn
6048-UWKAL,No Churn
9540-JYROE,Competitor
8429-XIBUM,No Churn
1209-VFFOC,No Churn
2362-IBOOY,No Churn
6038-GCYEC,No Churn
1088-AUUZZ,Competitor
7639-SUPCW,No Churn
2167-FQSTQ,No Churn
8268-YDIXR,No Churn
6029-CSMJE,No Churn
6901-GOGZG,Competitor
1952-DVVSW,Dissatisfaction
9124-LHCJQ,No Churn
5186-PEIZU,Competitor
7665-NKLAV,No Churn
4902-OHLSK,No Churn
1206-EHBDD,No Churn
2753-JMMCV,No Churn
4277-PVRAN,No Churn
1724-IQWNM,No Churn
4990-ALDGW,No Churn
6505-OZNPG,No Churn
2626-URJFX,No Churn
0750-EKNGL,No Churn
6034-ZRYCV,No Churn
8807-ARQET,Competitor
6992-TKNYO,No Churn
7234-KMNRQ,No Churn
6557-BZXLQ,Attitude
3259-FDWOY,No Churn
5306-BVTKJ,No Churn
5577-OTWWW,No Churn
0581-BXBUB,No Churn
1265-ZFOSD,No Churn
0237-YFUTL,No Churn
6096-EGVTU,No Churn
5915-DGNVC,No Churn
9261-WDCAF,No Churn
3274-NSDWE,No Churn
5889-JTMUL,Competitor
1229-RCALF,Dissatisfaction
9189-JWSHV,No Churn
6340-DACFT,No Churn
8784-CGILN,No Churn
3657-COGMW,No Churn
0696-UKTOX,No Churn
9710-NJERN,Competitor
2236-HILPA,No Churn
9402-CXWPL,No Churn
3985-HOYPM,No Churn
4255-DDUOU,Competitor
6710-HSJRD,No Churn
9788-HNGUT,No Churn
2480-JZOSN,No Churn
4609-KNNWG,No Churn
2232-DMLXU,No Churn
8532-UEFWH,No Churn
3705-RHRFR,No Churn
4452-ROHMO,Competitor
5127-BZENZ,No Churn
8559-CIZFV,No Churn
4919-MOAVT,No Churn
0839-JTCUD,No Churn
6855-VLGOS,No Churn
9603-OAIHC,Attitude
4291-SHSBH,No Churn
0541-FITGH,No Churn
2683-BPJSO,No Churn
0621-CXBKL,Other
8266-VBFQL,No Churn
3312-ZWLGF,No Churn
7325-ENZFI,No Churn
2692-AQCPF,Dissatisfaction
4807-IZYOZ,No Churn
6142-VSJQO,Attitude
5119-KEPFY,No Churn
5453-AXEPF,No Churn
7321-VGNKU,No Churn
6661-HBGWL,No Churn
1965-DDBWU,No Churn
4860-IJUDE,No Churn
7341-LXCAF,No Churn
0750-EBAIU,Dissatisfaction
8221-HVAYI,Attitude
9469-WEJBT,No Churn
2692-PFYTJ,No Churn
2819-GWENI,No Churn
5188-HGMLP,No Churn
9574-BOSMD,No Churn
3363-EWLGO,Competitor
0277-ORXQS,No Churn
6576-FBXOJ,No Churn
5076-YVXCM,Attitude
5373-SFODM,No Churn
0970-ETWGE,Dissatisfaction
9418-RUKPH,No Churn
4578-PHJYZ,Attitude
7028-DVOIQ,No Churn
9786-YWNHU,Attitude
0983-TATYJ,Competitor
3768-NLUBH,Attitude
7841-FCRQD,No Churn
5730-DBDSI,No Churn
8065-QBYTO,No Churn
4198-VFOEA,No Churn
2391-IPLOP,No Churn
1809-DMJHQ,No Churn
0141-YEAYS,No Churn
1716-LSAMB,No Churn
6732-VAILE,No Churn
3319-DWOEP,No Churn
4193-IBKSW,Price
9835-ZIITK,No Churn
3961-SXAXY,No Churn
0181-RITDD,No Churn
3512-IZIKN,No Churn
7421-ZLUPA,No Churn
0699-NDKJM,No Churn
6248-BSHKG,No Churn
3694-GLTJM,No Churn
1023-BQXZE,Other
5286-YHCVC,Competitor
4430-UZIPO,Dissatisfaction
2739-CACDQ,No Churn
1104-TNLZA,No Churn
9107-UKCKY,No Churn
0328-GRPMV,No Churn
2057-BOYKM,No Churn
6979-TNDEU,Competitor
0749-IRGQE,Attitude
0089-IIQKO,No Churn
0187-QSXOE,No Churn
8242-JSVBO,No Churn
3886-CERTZ,No Churn
5047-LHVLY,No Churn
3084-DOWLE,Competitor
2851-STERV,Competitor
6275-YDUVO,Competitor
8740-XLHDR,No Churn
7579-KKLOE,Attitude
3733-ZEECP,Dissatisfaction
5322-TEUJK,No Churn
6060-DRTNL,No Churn
4192-GORJT,Competitor
3462-BJQQA,No Churn
9323-HGFWY,No Churn
7916-VCCPB,Competitor
1548-FEHVL,No Churn
2072-ZVJJX,Dissatisfaction
3466-WAESX,No Churn
2400-FEQME,No Churn
5795-KTGUD,Competitor
3466-BYAVD,No Churn
0139-IVFJG,No Churn
8084-OIVBS,No Churn
5606-AMZBO,No Churn
7016-BPGEU,No Churn
4289-DTDKW,No Churn
9374-YOLBJ,No Churn
7203-OYKCT,Competitor
4291-TPNFG,Competitor
7878-RTCZG,Dissatisfaction
6656-GULJQ,No Churn
3721-CNEYS,No Churn
5312-IRCFR,No Churn
3269-ATYWD,Attitude
9692-TUSXH,No Churn
8782-NUUOL,Attitude
4817-VYYWS,No Churn
9685-WKZGT,No Churn
1213-NGCUN,No Churn
4892-VLANZ,No Churn
7551-JOHTI,No Churn
0847-HGRML,No Churn
5605-IYGFG,No Churn
1852-QSWCD,No Churn
0258-NOKBL,No Churn
1136-XGEQU,No Churn
3224-DFQNQ,No Churn
5445-GLVOT,No Churn
3458-IDMFK,Other
8735-SDUFN,No Churn
8687-BAFGU,No Churn
3926-CUQZX,Competitor
7250-EQKIY,Competitor
1320-HTRDR,No Churn
8823-RLPWL,No Churn
2018-QKYGT,No Churn
5846-QFDFI,No Churn
4800-CZMPC,No Churn
0795-LAFGP,No Churn
7548-SEPYI,No Churn
6838-HVLXG,No Churn
5207-PLSTK,No Churn
9068-VPWQQ,No Churn
7722-VJRQD,Dissatisfaction
3977-QCRSL,Price
2273-QCKXA,No Churn
2194-IIQOF,Other
3884-UEBXB,No Churn
4160-AMJTL,No Churn
5748-RNCJT,No Churn
0722-SVSFK,Attitude
8705-WZCYL,No Churn
6877-LGWXO,No Churn
6507-ZJSUR,No Churn
3338-CVVEH,No Churn
3230-WYKIR,No Churn
0402-OAMEN,No Churn
3331-HQDTW,No Churn
4929-XIHVW,No Churn
4658-HCOHW,No Churn
5498-TXHLF,No Churn
5884-FBCTL,Dissatisfaction
8023-QHAIO,No Churn
1866-NXPSP,Competitor
6635-CPNUN,Competitor
2606-PKWJB,No Churn
5449-FIBXJ,No Churn
4231-LZUYM,No Churn
5445-UTODQ,No Churn
5149-TGWDZ,Competitor
4023-RTIQM,No Churn
4598-ZADCK,Competitor
1678-FYZOW,No Churn
2754-XBHTB,No Churn
0902-XKXPN,No Churn
4957-TIALW,Dissatisfaction
5756-OZRIO,Attitude
7813-TKCVO,Price
7114-AEOZE,No Churn
2208-MPXIO,No Churn
4238-HFHSN,No Churn
1452-VOQCH,No Churn
9397-TZSHA,No Churn
0480-KYJVA,Other
1226-IENZN,No Churn
5842-POCOP,No Churn
3804-RVTGV,No Churn
6265-FRMTQ,No Churn
6904-JLBGY,No Churn
1016-DJTSV,Price
4840-ORQXB,No Churn
7721-JXEAW,Competitor
9408-HRXRK,No Churn
2430-USGXP,Competitor
6655-LHBYW,Other
0621-HJWXJ,No Churn
4316-XCSLJ,Competitor
5537-UXXVS,No Churn
7310-EGVHZ,Dissatisfaction
1093-YSWCA,Dissatisfaction
7459-IMVYU,No Churn
4432-ADRLB,No Churn
3055-MJDSB,Price
8780-IHCRN,No Churn
3374-LXDEV,No Churn
5593-SUAOO,No Churn
0178-CIIKR,No Churn
6968-MHOMU,Competitor
6900-PXRMS,No Churn
2928-HLDBA,No Churn
2845-HSJCY,No Churn
7880-XSOJX,No Churn
7586-ZATGZ,No Churn
3941-XTSKM,No Churn
7173-TETGO,No Churn
2172-EJXVF,No Churn
3765-JXVKY,No Churn
1904-WAJAA,Dissatisfaction
0670-KDOMA,No Churn
0754-UKWQP,No Churn
3170-NMYVV,Competitor
1009-IRMNA,No Churn
8060-HIWJJ,No Churn
0786-IVLAW,Competitor
6308-CQRBU,Competitor
3916-NRPAP,No Churn
5630-IXDXV,No Churn
9239-GZHZE,No Churn
7905-TVXTA,No Churn
9143-CANJF,Price
7167-PCEYD,No Churn
7442-YGZFK,Price
8414-OOEEL,No Churn
9581-GVBXT,No Churn
0963-ZBDRN,No Churn
6718-BDGHG,Competitor
9708-KFDBY,No Churn
1746-TGTWV,Competitor
3407-QGWLG,No Churn
1060-ENTOF,Competitor
8896-RAZCR,No Churn
3340-QBBFM,No Churn
4250-FDVOU,No Churn
6867-ACCZI,No Churn
7541-YLXCL,Attitude
2026-TGDHM,No Churn
5808-TOTXO,Dissatisfaction
3746-EUBYR,No Churn
2164-SOQXL,Other
4534-WGCIR,No Churn
5281-BUZGT,Competitor
5736-YEJAX,No Churn
1568-LJSZU,Other
9402-ORRAH,Competitor
9079-LWTFD,Competitor
5970-GHJAW,No Churn
2927-QRRQV,No Churn
0017-IUDMW,No Churn
9138-EFSMO,No Churn
3798-EPWRR,No Churn
2439-QKJUL,Dissatisfaction
6603-QWSPR,No Churn
6023-GSSXW,No Churn
2233-FAGXV,No Churn
8746-BFOAJ,No Churn
2636-ALXXZ,No Churn
3452-ABWRL,Dissatisfaction
6928-ONTRW,Competitor
0835-DUUIQ,No Churn
6582-OIVSP,Dissatisfaction
5734-EJKXG,No Churn
5616-PRTNT,No Churn
3943-KDREE,No Churn
1928-BXYIV,No Churn
7503-ZGUZJ,No Churn
9674-EHPPG,No Churn
4918-QLLIW,No Churn
0952-KMEEH,Price
4003-FUSHP,Other
6152-ONASV,No Churn
7209-JCUDS,No Churn
6704-UTUKK,No Churn
5622-UEJFI,Competitor
8565-WUXZU,No Churn
5339-TJFEK,No Churn
3191-CSNMG,No Churn
4713-ZBURT,No Churn
6873-UDNLD,Price
5269-NRGDP,No Churn
2225-ZRGSG,No Churn
2812-REYAT,No Churn
5171-EPLKN,No Churn
3521-SYVOR,No Churn
5115-SQAAU,No Churn
4360-QRAVE,No Churn
3278-FSIXX,No Churn
1752-OZXFY,Dissatisfaction
3178-CIFOT,Competitor
6652-YFFJO,Dissatisfaction
4226-KKDON,Competitor
5055-BRMNE,Attitude
4097-YODCF,No Churn
2842-JTCCU,Competitor
9360-OMDZZ,Competitor
2908-ZTPNF,No Churn
0902-RFHOF,Competitor
9824-QCJPK,Attitude
8756-RDDLT,No Churn
8999-EXMNO,Dissatisfaction
6885-PKOAM,No Churn
4855-SNKMY,No Churn
2259-OUUSZ,No Churn
8100-PNJMH,No Churn
5322-ZSMZY,No Churn
2321-OMBXY,Other
2969-QWUBZ,No Churn
8608-OZTLB,Competitor
4881-JVQOD,No Churn
3070-BDOQC,Other
1506-YJTYT,No Churn
2004-OCQXK,No Churn
1970-KKFWL,Competitor
8780-IXSTS,Attitude
6432-TWQLB,Dissatisfaction
2632-IVXVF,No Churn
4872-VXRIL,No Churn
9026-RNUJS,Other
7322-OCWHC,No Churn
2379-ENZGV,No Churn
2782-JEEBU,No Churn
2371-KFUOG,No Churn
8095-WANWK,No Churn
8224-UAXBZ,No Churn
3298-QEICA,No Churn
1945-XISKS,No Churn
4859-ZSRDZ,No Churn
5392-AKEMH,No Churn
9300-AGZNL,No Churn
5514-YQENT,Attitude
1471-GIQKQ,No Churn
3249-ZPQRG,No Churn
0959-WHOKV,Competitor
8400-WZICQ,No Churn
7295-JOMMD,No Churn
0722-TROQR,No Churn
3623-FQBOX,No Churn
7945-PRBVF,Price
2123-VSCOT,No Churn
3639-XJHKQ,No Churn
5103-MHMHY,No Churn
6257-RJOHI,No Churn
2070-FNEXE,No Churn
1329-VHWNP,No Churn
0916-QOFDP,No Churn
7833-PKIHD,Competitor
3967-VQOGC,No Churn
5871-DGTXZ,No Churn
7908-QCBCA,Competitor
3694-DELSO,No Churn
6797-LNAQX,No Churn
7929-SKFGK,No Churn
7339-POGZN,No Churn
7061-OVMIM,No Churn
8883-GRDWQ,Competitor
3162-ZJZFU,Attitude
9804-ICWBG,No Churn
9381-NDKME,No Churn
3755-JBMNH,No Churn
2293-IJWPS,Competitor
4274-OWWYO,No Churn
8791-GFXLZ,No Churn
0533-BNWKF,No Churn
3645-DEYGF,Attitude
9800-OUIGR,No Churn
0565-JUPYD,No Churn
2696-ECXKC,Attitude
1196-AMORA,No Churn
8292-FRFZQ,No Churn
7379-FNIUJ,No Churn
8617-ENBDS,No Churn
3572-UOLYZ,No Churn
9103-TCIHJ,Other
5914-XRFQB,Dissatisfaction
9600-NAXZN,No Churn
9399-APLBT,No Churn
5543-QDCRY,No Churn
9617-INGJY,Competitor
7903-CMPEY,No Churn
3442-ZHHCC,No Churn
2037-XJFUP,No Churn
3640-JQGJG,No Churn
3500-NSDOA,Competitor
7245-JMTTQ,No Churn
7691-KGKGP,Price
3027-ZTDHO,Attitude
4475-NVTLU,No Churn
2165-VOEGB,Dissatisfaction
4760-THGOT,No Churn
8317-BVKSO,Competitor
2430-RRYUW,No Churn
5110-CHOPY,No Churn
3756-VNWDH,Competitor
0731-EBJQB,No Churn
1159-WFSGR,Dissatisfaction
8029-XYPWT,No Churn
2323-ARSVR,No Churn
9885-CSMWE,No Churn
7609-YBPXG,Competitor
9108-EQPNQ,No Churn
0259-GBZSH,Other
8204-TIFGJ,No Churn
1530-ZTDOZ,No Churn
0780-XNZFN,No Churn
3727-JEZTU,Attitude
3748-FVMZZ,Other
8374-XGEJJ,No Churn
7878-JGDKK,No Churn
9933-QRGTX,Other
2372-HWUHI,No Churn
3955-JBZZM,No Churn
3158-MOERK,No Churn
4760-XOHVN,Competitor
4636-JGAAI,Competitor
9475-NNDGC,Price
2450-ZKEED,No Churn
4646-QZXTF,No Churn
5774-XZTQC,No Churn
5419-KLXBN,Dissatisfaction
2302-ANTDP,No Churn
1062-LHZOD,No Churn
2126-GSEGL,No Churn
2535-PBCGC,No Churn
1265-XTECC,No Churn
2955-PSXOE,No Churn
8454-AATJP,No Churn
6559-RAKOZ,No Churn
3727-OVPRY,No Churn
3132-TVFDZ,No Churn
9114-DPSIA,No Churn
8086-OVPWV,No Churn
3498-LZGQZ,No Churn
1453-RZFON,No Churn
3887-PBQAO,No Churn
3509-GWQGF,No Churn
9866-QEVEE,No Churn
1173-XZPYF,No Churn
0135-NMXAP,No Churn
2667-WYLWJ,No Churn
5930-GBIWP,No Churn
0100-DUVFC,No Churn
7129-AZJDE,No Churn
9593-CVZKR,No Churn
6366-XIVKZ,No Churn
0979-MOZQI,Dissatisfaction
6365-HITVU,Price
5982-XMDEX,No Churn
4785-NKHCX,No Churn
1064-FBXNK,No Churn
4187-CINZD,No Churn
4079-VTGLK,No Churn
6579-JPICP,Price
7243-LCGGZ,No Churn
9631-RXVJM,No Churn
3211-AAPKX,Competitor
5872-OEQNH,Attitude
0308-IVGOK,No Churn
8979-CAMGB,No Churn
6637-KYRCV,No Churn
1582-RAFML,No Churn
8634-MPHTR,No Churn
0397-GZBBC,Competitor
4391-LNRXK,No Churn
6323-AYBRX,No Churn
3239-TPHPZ,No Churn
7549-MYGPK,Price
2314-TNDJQ,No Churn
5020-ZSTTY,No Churn
1488-SYSFC,No Churn
9419-IPPBE,No Churn
1843-TLSGD,No Churn
7602-DBTOU,No Churn
5429-LWCMV,Attitude
4770-QAZXN,No Churn
5845-BZZIB,No Churn
3192-LNKRK,No Churn
0396-UKGAI,Other
2642-MAWLJ,No Churn
1915-OAKWD,No Churn
2189-WWOEW,No Churn
4636-TVXVG,Attitude
9796-MVYXX,No Churn
2499-AJYUA,Dissatisfaction
2215-ZAFGX,No Churn
4419-UJMUS,No Churn
2682-KEVRP,No Churn
8445-DNBAE,Competitor
1676-MQAOA,Dissatisfaction
1133-KXCGE,Attitude
6000-UKLWI,No Churn
8167-GJLRN,No Churn
0679-TDGAK,Attitude
0320-JDNQG,No Churn
4973-RLZVI,No Churn
0536-ACXIP,No Churn
3439-GVUSX,No Churn
2429-AYKKO,No Churn
8328-SKJNO,No Churn
7813-ZGGAW,No Churn
1941-HOSAM,No Churn
7560-QJAVJ,No Churn
7346-MEDWM,No Churn
8587-XYZSF,No Churn
0056-EPFBG,No Churn
3070-FNFZQ,No Churn
5208-FVQKB,Dissatisfaction
3557-HTYWR,No Churn
6227-FBDXH,No Churn
8216-AZUUZ,No Churn
7537-CBQUZ,No Churn
4307-KTUMW,Competitor
9916-AYHTC,No Churn
5862-BRIXZ,No Churn
5261-QSHQM,Price
5380-AFSSK,No Churn
8016-NCFVO,No Churn
5174-ITUMV,Price
5095-AESKG,No Churn
6397-JNZZG,No Churn
6591-QGOYB,No Churn
6082-OQFBA,No Churn
2272-WUSPA,No Churn
1174-FGIFN,No Churn
6845-RGTYS,No Churn
2481-SBOYW,No Churn
4957-TREIR,Competitor
6646-JPPHA,No Churn
2360-RDGRO,Competitor
1768-HNVGJ,No Churn
0868-VJRDR,No Churn
4753-PADAS,No Churn
9359-JANWS,Other
1709-EJDOX,No Churn
5360-XGYAZ,No Churn
2239-JALAW,No Churn
8512-WIWYV,No Churn
9696-RMYBA,Competitor
6235-VDHOM,Competitor
9090-SGQXL,Dissatisfaction
4745-LSPLO,No Churn
0689-NKYLF,No Churn
8708-XPXHZ,No Churn
8063-GBATB,No Churn
9496-IVVRP,No Churn
3134-DSHVC,Other
9958-MEKUC,No Churn
7005-CCBKV,No Churn
8626-XHBIE,Competitor
9992-RRAMN,No Churn
9337-SRRNI,No Churn
3831-YCPUO,Dissatisfaction
5630-AHZIL,No Churn
6338-AVWCY,No Churn
1142-WACZW,No Churn
9885-MFVSU,No Churn
0221-WMXNQ,No Churn
4937-QPZPO,No Churn
0644-OQMDK,No Churn
5232-NXPAY,No Churn
8189-XRIKE,No Churn
3370-GQEAL,No Churn
1240-HCBOH,Price
0993-OSGPT,No Churn
6497-TILVL,No Churn
2330-PQGDQ,Price
5461-QKNTN,No Churn
9040-KZVWO,No Churn
9084-OAYKL,No Churn
2519-ERQOJ,No Churn
4285-GYRQC,Competitor
7450-NWRTR,No Churn
6815-ABQFQ,No Churn
0330-IVZHA,Price
2788-CJQAQ,No Churn
5442-XSDCW,No Churn
7293-LSCDV,No Churn
8064-RAVOH,No Churn
5527-ACHSO,Attitude
0584-BJQGZ,Competitor
1522-VVDMG,No Churn
1266-NZYUI,No Churn
9135-MGVPY,No Churn
7950-XWOVN,No Churn
1910-FMXJM,Competitor
1370-GGAWX,Competitor
4013-GUXND,No Churn
2034-GDRCN,No Churn
2138-VFAPZ,No Churn
0862-PRCBS,No Churn
1074-WVEVG,No Churn
6016-LVTJQ,No Churn
5149-CUZUJ,No Churn
5201-CBWYG,No Churn
4671-LXRDQ,No Churn
1020-JPQOW,No Churn
5945-AZYHT,No Churn
3898-GUYTS,No Churn
2428-HYUNX,No Churn
8944-AILEF,No Churn
8932-CZHRQ,No Churn
0244-LGNFY,No Churn
2834-JKOOW,No Churn
3646-ITDGM,No Churn
2550-QHZGP,No Churn
9500-IWPXQ,No Churn
0362-ZBZWJ,No Churn
4140-MUHUG,No Churn
8628-MFKAX,No Churn
5828-AVIPD,No Churn
9231-ZJYAM,Competitor
3680-CTHUH,Competitor
4080-OGPJL,No Churn
3729-OWRVL,Price
4656-CAURT,No Churn
6371-NZYEG,No Churn
7446-KQISO,Competitor
6439-PKTRR,No Churn
0318-QUUOB,No Churn
9367-OIUXP,No Churn
7608-RGIRO,Competitor
1264-FUHCX,No Churn
6661-EIPZC,Attitude
5640-CAXOA,No Churn
6413-XKKPU,Attitude
6725-TPKJO,No Churn
1950-KSVVJ,Attitude
7251-LJBQN,No Churn
7663-CUXZB,No Churn
5014-WUQMG,Dissatisfaction
3621-CHYVB,No Churn
5006-MXVRN,No Churn
4701-AHWMW,Competitor
3841-NFECX,Attitude
2876-VBBBL,No Churn
5575-TPIZQ,No Churn
6050-FFXES,Dissatisfaction
5295-PCJOO,Attitude
0334-GDDSO,No Churn
3589-PPVKW,Competitor
3014-WJKSM,Competitor
8999-XXGNS,Other
1125-SNVCK,Attitude
3703-TTEPD,Dissatisfaction
7783-YKGDV,No Churn
0641-EVBOJ,Other
3190-FZATL,No Churn
8295-FHIVV,Price
5172-RKOCB,No Churn
2228-BZDEE,Competitor
2080-SRCDE,Attitude
1110-KYLGQ,No Churn
2773-OVBPK,No Churn
1897-RCFUM,Attitude
2378-YIZKA,No Churn
2408-PSJVE,No Churn
1563-IWQEX,Attitude
9691-HKOVS,No Churn
6352-GIGGQ,No Churn
3259-QMXUN,No Churn
2277-AXSDC,No Churn
0923-PNFUB,No Churn
8984-EYLLL,No Churn
5074-FBGHB,No Churn
0003-MKNFE,No Churn
0578-SKVMF,No Churn
2263-SFSQZ,No Churn
8619-IJNDK,No Churn
9154-QDGTH,No Churn
2351-BKRZW,No Churn
6421-SZVEM,No Churn
7799-DSEWS,No Churn
4349-GFQHK,No Churn
9522-ZSINC,No Churn
4558-CGYCZ,No Churn
7623-HKYRK,No Churn
0186-CAERR,Dissatisfaction
3992-YWPKO,No Churn
5277-ZLOOR,No Churn
5919-VCZYM,No Churn
9229-RQABD,No Churn
6683-VLCTZ,No Churn
7330-WZLNC,No Churn
0239-OXEXL,Competitor
8992-CEUEN,Dissatisfaction
2904-GGUAZ,No Churn
3550-SAHFP,No Churn
9412-GHEEC,Attitude
8981-FJGLA,No Churn
8958-JPTRR,Attitude
5624-BQSSA,No Churn
3930-ZGWVE,Competitor
4338-EYCER,No Churn
8590-OHDIW,No Churn
2432-TFSMK,No Churn
4573-JKNAE,No Churn
3199-XGZCY,Price
3720-DBRWL,No Churn
5533-RJFTJ,No Churn
8414-MYSHR,Other
5038-ETMLM,No Churn
3424-NMNBO,No Churn
9236-NDUCW,No Churn
6633-SYEUS,No Churn
4652-NNHNY,No Churn
9553-DLCLU,No Churn
8132-YPVBX,Competitor
9244-ZVAPM,No Churn
8573-CGOCC,No Churn
7876-AEHIG,No Churn
3154-HMWUU,No Churn
6480-YAGIY,No Churn
1548-ARAGG,No Churn
1171-TYKUR,Dissatisfaction
2722-JMONI,No Churn
5985-BEHZK,No Churn
3763-GCZHZ,No Churn
4521-WFJAI,No Churn
6461-PPAXN,No Churn
2150-UWTFY,No Churn
9818-XQCUV,No Churn
4163-KIUHY,Competitor
2024-BASKD,Dissatisfaction
9904-EHEVJ,No Churn
4853-RULSV,No Churn
7218-HKQFK,No Churn
3194-ORPIK,No Churn
1760-CAZHT,No Churn
0013-MHZWF,No Churn
7774-OJSXI,No Churn
4237-CLSMM,No Churn
9206-GVPEQ,No Churn
6121-VZNQB,No Churn
5641-DMBFJ,No Churn
0324-BRPCJ,No Churn
5708-EVONK,No Churn
7024-OHCCK,No Churn
5183-KLYEM,No Churn
3397-AVTKU,No Churn
3580-GICBM,Dissatisfaction
3441-CGZJH,Dissatisfaction
9150-KPBJQ,Attitude
5135-RDDQL,No Churn
5600-PDUJF,No Churn
2027-OAQQC,No Churn
0488-GSLFR,Price
9089-UOWJG,No Churn
5057-RKGLH,No Churn
9052-VKDUW,Attitude
4116-IQRFR,No Churn
0253-ZTEOB,No Churn
2575-GFSOE,Competitor
8356-WUAOJ,No Churn
6773-LQTVT,Attitude
0679-IDSTG,No Churn
6616-AALSR,Attitude
2958-NHPPS,No Churn
9057-SIHCH,No Churn
4176-RELJR,No Churn
0621-TSSMU,No Churn
9481-IEBZY,No Churn
7879-CGSFV,Dissatisfaction
4397-FRLTA,Other
8286-AFUYI,No Churn
9897-KXHCM,No Churn
1336-EZFZY,No Churn
6734-JDTTV,Dissatisfaction
5997-OPVFA,No Churn
3384-CTMSF,No Churn
9945-PSVIP,Price
7363-QTBIW,Dissatisfaction
3870-SPZSI,Competitor
4625-EWPTF,No Churn
0409-WTMPL,Competitor
4801-KFYKL,No Churn
7905-NJMXS,No Churn
0268-QKIWO,Price
0818-OCPZO,No Churn
3402-XRIUO,No Churn
1389-WNUIB,No Churn
2672-OJQZP,No Churn
3757-NJYBX,No Churn
8433-WXGNA,No Churn
0580-PIQHM,No Churn
7927-AUXBZ,No Churn
2817-LVCPP,No Churn
3777-XROBG,No Churn
4367-NHWMM,No Churn
2690-DVRVK,Competitor
3097-NNSPB,No Churn
2082-OJVTK,Competitor
6086-ESGRL,Price
8988-ECPJR,No Churn
3234-VKACU,No Churn
9494-MRNYX,No Churn
5743-KHMNA,No Churn
6082-GLJIX,No Churn
5981-ITEMU,No Churn
4636-OLWOE,No Churn
5087-SUURX,No Churn
3668-QPYBK,No Churn
4312-GVYNH,No Churn
2886-KEFUM,No Churn
0281-CNTZX,No Churn
8089-UZWLX,No Churn
1074-AMIOH,No Churn
4138-NAXED,Price
2684-EIWEO,No Churn
0723-DRCLG,No Churn
9629-NHXFW,Competitor
0083-PIVIK,Price
1867-TJHTS,No Churn
1468-DEFNC,No Churn
8388-FYNPZ,Competitor
6848-YLDFR,No Churn
5553-AOINX,Competitor
3617-XLSGQ,No Churn
1513-XNPPH,No Churn
2025-JKFWI,No Churn
1166-PQLGG,No Churn
8410-BGQXN,Attitude
1834-ABKHQ,No Churn
9050-QLROH,Competitor
8434-VGEQQ,No Churn
1228-ZLNBX,No Churn
0388-EOPEX,No Churn
4952-YSOGZ,No Churn
6617-WLBQC,No Churn
5480-TBGPH,Other
4813-HQMGZ,No Churn
0343-QLUZP,No Churn
7094-MSZAO,No Churn
6175-IRFIT,No Churn
1320-GVNHT,No Churn
1541-ETJZO,No Churn
3138-BKYAV,No Churn
5287-QWLKY,No Churn
0530-IJVDB,No Churn
1915-IOFGU,No Churn
6894-LFHLY,Competitor
9513-DXHDA,No Churn
1087-GRUYI,Price
4701-MLJPN,No Churn
7409-JURKQ,No Churn
7279-NMVJC,No Churn
2091-GPPIQ,No Churn
1397-XKKWR,Dissatisfaction
3494-JCHRQ,No Churn
5883-GTGVD,No Churn
3174-RKMOW,No Churn
9281-CEDRU,No Churn
7976-CICYS,No Churn
8819-IMISP,Competitor
7080-TNUWP,No Churn
9530-GRMJG,No Churn
4112-LUEIZ,No Churn
0308-GIQJT,No Churn
7130-CTCUS,No Churn
1219-NNDDO,No Churn
5821-MMEIL,No Churn
1614-JBEBI,No Churn
2676-SSLTO,No Churn
9708-HPXWZ,No Churn
7269-JISCY,Dissatisfaction
7337-CINUD,No Churn
3605-JISKB,No Churn
6479-SZPLM,No Churn
4597-ELFTS,No Churn
2150-WLKUW,No Churn
4737-AQCPU,No Churn
5130-IEKQT,Competitor
0895-UADGO,No Churn
3276-HDUEG,Dissatisfaction
7892-QVYKW,No Churn
4322-RCYMT,No Churn
3457-PQBYH,Price
5857-XRECV,No Churn
6229-LSCKB,No Churn
6985-HAYWX,No Churn
5186-SAMNZ,Attitude
1936-CZAKF,No Churn
3323-CPBWR,No Churn
6345-FZOQH,Competitor
6010-DDPPW,No Churn
0040-HALCW,Attitude
3058-HJCUY,No Churn
7740-KKCXF,No Churn
3016-KSVCP,No Churn
4686-GEFRM,Competitor
2267-WTPYD,No Churn
8146-QQKZH,No Churn
0188-GWFLE,No Churn
8387-MOJJT,No Churn
5493-SDRDQ,No Churn
4751-ERMAN,Competitor
5832-XKAES,No Churn
1955-IBMMB,No Churn
4342-HENTK,Attitude
8963-MQVYN,No Churn
9254-RBFON,No Churn
5651-CPDND,No Churn
2522-WLNSF,No Churn
5846-ABOBJ,No Churn
7554-AKDQF,No Churn
3665-JATSN,No Churn
7009-PCARS,No Churn
0596-BQCEQ,Competitor
0817-HSUSE,No Churn
0459-SPZHJ,No Churn
1394-SUIUH,No Churn
9537-JALFH,No Churn
7255-SSFBC,No Churn
6518-KZXCB,No Churn
0178-SZBHO,No Churn
9773-PEQBZ,Price
9746-YKGXB,Other
9227-LUNBG,Dissatisfaction
1640-PLFMP,No Churn
6284-KMNUF,Price
3200-MNQTF,Attitude
2589-AYCRP,Competitor
8457-XIGKN,Price
0587-DMGBH,No Churn
6994-ORCWG,No Churn
8709-KRDVL,Competitor
7706-DZNKK,No Churn
2990-IAJSV,No Churn
5214-NLTIT,Competitor
2103-ZRXFN,No Churn
7246-ZGQDF,Attitude
3317-HRTNN,No Churn
2249-YPRNG,No Churn
7634-WSWDB,No Churn
2982-VPSGI,No Churn
7088-FBAWU,Attitude
1623-NLDOT,No Churn
6250-CGGUN,No Churn
3301-LSLWQ,No Churn
5879-HMFFH,No Churn
1195-OIYEJ,No Churn
4986-MXSFP,No Churn
0812-WUPTB,No Churn
4291-HPAXL,No Churn
9396-ZSFLL,No Churn
1971-DTCZB,Competitor
3522-CDKHF,Competitor
7909-FIOIY,Price
6680-WKXRZ,No Churn
2550-AEVRU,Competitor
5144-TVGLP,No Churn
4123-DVHPH,No Churn
6827-IEAUQ,No Churn
3196-NVXLZ,Competitor
5146-CBVOE,No Churn
8659-IOOPU,Other
9919-KNPOO,Attitude
6171-ZTVYB,No Churn
6479-OAUSD,No Churn
6837-BJYDQ,No Churn
9114-VEPUF,No Churn
9529-OFXHY,No Churn
8397-MVTAZ,No Churn
9462-MJUAW,No Churn
8695-WDYEA,Competitor
2073-QBVBI,No Churn
3982-XWFZQ,No Churn
8603-IJWDN,No Churn
6351-SCJKT,No Churn
9972-NKTFD,No Churn
8914-RBTSB,No Churn
1839-FBNFR,Competitor
8181-YHCMF,No Churn
5692-FPTAH,No Churn
0743-HRVFF,Attitude
3186-AJIEK,No Churn
2930-UOTMB,No Churn
8486-AYEQH,No Churn
0229-LFJAF,No Churn
7684-XSZIY,No Churn
8715-KKTFG,No Churn
8417-GSODA,Other
1697-NVVGY,Competitor
9504-YAZWB,No Churn
1794-HBQTJ,No Churn
7065-YUNRY,No Churn
9063-ZGTUY,Competitor
6765-MBQNU,No Churn
5375-XLDOF,No Churn
0218-QNVAS,No Churn
2573-GYRUU,No Churn
1834-WULEG,No Churn
1304-BCCFO,No Churn
1193-RTSLK,No Churn
4632-PAOYU,No Churn
7359-WWYJV,Competitor
3316-UWXUY,No Churn
6772-WFQRD,No Churn
4373-MAVJG,No Churn
5060-TQUQN,No Churn
9386-LDCZR,No Churn
0471-ARVMX,No Churn
3774-VBNXY,No Churn
9548-ZMVTX,No Churn
5898-IGSLP,No Churn
7136-IHZJA,No Churn
9837-BMCLM,No Churn
0112-QAWRZ,Attitude
2688-BHGOG,No Churn
2911-UREFD,Other
8468-FZTOE,Other
6727-IOTLZ,No Churn
1853-ARAAQ,No Churn
3956-MGXOG,No Churn
3167-SNQPL,No Churn
6625-IUTTT,No Churn
4909-JOUPP,No Churn
8690-ZVLCL,No Churn
6015-VVHHE,No Churn
1073-XXCZD,Other
9443-JUBUO,No Churn
8469-SNFFH,No Churn
8775-LHDJH,No Churn
0612-RTZZA,Attitude
0822-QGCXA,No Churn
1963-SVUCV,No Churn
7278-CKDNC,Competitor
4553-DVPZG,No Churn
2775-SEFEE,Competitor
5619-XZZKR,No Churn
2486-WYVVE,No Churn
8149-RSOUN,No Churn
8992-VONJD,No Churn
8165-ZJRNM,Price
6961-VCPMC,No Churn
4993-JCRGJ,Other
3567-PQTSO,No Churn
8008-OTEZX,Competitor
2180-DXNEG,No Churn
1078-TDCRN,No Churn
1415-YFWLT,No Churn
7241-AJHFS,Attitude
6166-ILMNY,Price
4256-ZWTZI,No Churn
3208-YPIOE,Price
7110-BDTWG,Dissatisfaction
1816-FLZDK,No Churn
4827-DPADN,No Churn
4248-HCETZ,No Churn
3963-RYFNS,Competitor
3810-PJUHR,Price
6976-BWGLQ,Other
8318-LCNBW,No Churn
0666-UXTJO,No Churn
9411-TPQQV,Other
5049-GLYVG,No Churn
0214-JHPFW,Price
4929-BSTRX,No Churn
0277-BKSQP,No Churn
6032-IGALN,No Churn
7703-ZEKEF,No Churn
7677-SJJJK,No Churn
3569-VLDHH,No Churn
1600-DILPE,No Churn
0774-RMNUW,Competitor
0463-WZZKO,No Churn
2519-FAKOD,No Churn
7483-IQWIB,Price
4566-QVRRW,Competitor
7190-XHTWJ,No Churn
9174-FKWZE,No Churn
9693-XMUOB,Competitor
0968-GSIKN,No Churn
3205-MXZRA,No Churn
1641-BYBTK,Attitude
5647-FXOTP,Attitude
3594-KADLU,No Churn
8450-JOVAH,Dissatisfaction
1891-QRQSA,Attitude
1498-NHTLT,No Churn
2696-RZVZW,No Churn
9572-MTILT,No Churn
8818-DOPVL,No Churn
2978-XXSOG,No Churn
1642-HMARX,Competitor
5419-JPRRN,No Churn
3506-LCJDC,No Churn
3884-HCSWG,No Churn
5149-QYTTU,No Churn
9251-WNSOD,No Churn
2676-ISHSF,Competitor
4468-YDOVK,Dissatisfaction
0742-LAFQK,No Churn
0234-TEVTT,No Churn
0506-LVNGN,Attitude
3090-QFUVD,No Churn
1599-EAHXY,Competitor
9135-HSWOC,No Churn
1262-OPMFY,No Churn
3635-JBPSG,No Churn
4671-VJLCL,Dissatisfaction
2853-CWQFQ,No Churn
0420-BWTPW,No Churn
4080-IIARD,No Churn
7140-ADSMJ,No Churn
2012-NWRPA,Competitor
7402-PWYJJ,No Churn
2108-XWMPY,Dissatisfaction
2777-PHDEI,Price
9967-ATRFS,No Churn
2003-CKLOR,No Churn
7801-CEDNV,Competitor
4811-JBUVU,No Churn
1696-HXOWK,No Churn
7742-MYPGI,No Churn
0023-XUOPT,No Churn
8735-IJJEG,No Churn
4550-VBOFE,No Churn
8015-IHCGW,Dissatisfaction
2100-BDNSN,No Churn
9564-KCLHR,No Churn
3736-BLEPA,Attitude
3580-HYCSP,No Churn
1625-JAIIY,Dissatisfaction
5119-NZPTV,No Churn
9239-ZBZZV,No Churn
7954-MLBUN,No Churn
0524-IAVZO,No Churn
2380-DAMQP,No Churn
3724-UCSHY,No Churn
5966-EMAZU,Competitor
5955-EPOAZ,No Churn
2408-WITXK,Price
6394-HHHZM,No Churn
7977-HXJKU,No Churn
6543-JXSOO,No Churn
7143-BQIBA,No Churn
1098-KFQEC,No Churn
5133-POWUA,Other
1265-BCFEO,No Churn
1564-NTYXF,No Churn
5129-JLPIS,No Churn
7883-ROJOC,Competitor
0958-YHXGP,Dissatisfaction
3530-VWVGU,Competitor
2856-NNASM,No Churn
0661-KQHNK,No Churn
9489-JMTTN,Dissatisfaction
0577-WHMEV,No Churn
4385-ZKVNW,No Churn
0380-ZCSBI,Attitude
1000-AJSLD,No Churn
3148-AOIQT,No Churn
4430-YHXGG,Other
0325-XBFAC,No Churn
9907-SWKKF,Dissatisfaction
8550-XSXUQ,No Churn
6778-YSNIH,No Churn
1628-BIZYP,Dissatisfaction
1282-IHQAC,Other
0019-GFNTW,Dissatisfaction
3812-LRZIR,No Churn
0265-EDXBD,No Churn
4692-NNQRU,Competitor
9470-RTWDV,No Churn
8499-BRXTD,Competitor
3373-DIUUN,No Churn
6103-BOCOU,No Churn
3859-CVCET,No Churn
4710-FDUIZ,No Churn
4546-FOKWR,No Churn
5442-PPTJY,Attitude
6937-GCDGQ,Attitude
9728-FTTVZ,No Churn
5062-CJJKH,Dissatisfaction
8802-UNOJF,No Churn
6029-WTIPC,No Churn
0114-PEGZZ,No Churn
4786-UKSNZ,Competitor
9948-YPTDG,Competitor
9824-BEMCV,No Churn
3896-ZVNET,No Churn
0626-QXNGV,No Churn
9725-SCPZG,Dissatisfaction
6609-MXJHJ,Competitor
0274-JKUJR,No Churn
6288-CHQJB,No Churn
1963-VAUKV,No Churn
5539-HIVAK,Price
8133-ANHHJ,No Churn
5054-IEXZT,No Churn
5899-MQZZL,No Churn
9620-ENEJV,No Churn
6425-JWTDV,No Churn
5172-MIGPM,Price
4361-JEIVL,Competitor
3050-GBUSH,No Churn
4730-AWNAU,No Churn
5198-EFNBM,Competitor
4115-BNPJY,No Churn
2632-UCGVD,No Churn
6435-SRWBJ,No Churn
6304-IJFSQ,No Churn
1732-VHUBQ,No Churn
6629-LADHQ,No Churn
5906-DVAPM,No Churn
5777-ZPQNC,No Churn
0898-XCGTF,No Churn
7636-OWBPG,No Churn
3754-DXMRT,No Churn
9906-NHHVC,No Churn
1557-EMYVT,No Churn
0278-YXOOG,Dissatisfaction
9995-HOTOH,No Churn
4803-AXVYP,No Churn
0531-ZZJWQ,Dissatisfaction
5240-CAOYT,Dissatisfaction
6047-YHPVI,No Churn
3007-FDPEA,No Churn
0206-OYVOC,No Churn
8042-RNLKO,No Churn
7820-ZYGNY,No Churn
6734-GMPVK,No Churn
1552-CZCLL,No Churn
4720-VSTSI,No Churn
7274-CGTOD,No Churn
1247-QBVSH,No Churn
9129-UXERG,No Churn
4257-GAESD,No Churn
5236-XMZJY,No Churn
0906-QVPMS,No Churn
7277-OZCGZ,No Churn
2839-RFSQE,No Churn
1456-TWCGB,No Churn
5028-HTLJB,No Churn
6702-OHFWR,No Churn
1268-ASBGA,No Churn
7872-BAAZR,No Churn
9780-FKVVF,Attitude
1840-BIUOG,No Churn
2001-MCUUW,No Churn
9609-BENEA,Dissatisfaction
2187-LZGPL,No Churn
0816-TSPHQ,Attitude
1324-NLTJE,No Churn
9391-TTOYH,No Churn
6892-BOGQE,No Churn
8016-ZMGMO,Competitor
1307-ATKGB,No Churn
9031-ZVQPT,No Churn
9278-VZKCD,Dissatisfaction
9351-LZYGF,Competitor
7396-VJUZB,No Churn
0058-EVZWM,No Churn
9364-YKUVW,No Churn
6921-OZMFH,No Churn
3926-YZVVX,No Churn
2830-LEWOA,Attitude
2786-GCDPI,No Churn
7359-PTSXY,No Churn
5312-TSZVC,Competitor
0516-VRYBW,Other
2959-EEXWB,Competitor
8727-JQFHV,No Churn
7365-BVCJH,No Churn
6996-KNSML,Dissatisfaction
4640-UHDOS,No Churn
5732-IKGQH,No Churn
6108-OQZDQ,Attitude
2384-OVPSA,No Churn
3627-FHKBK,No Churn
4670-TABXH,No Churn
6502-KUGLL,Dissatisfaction
9079-YEXQJ,No Churn
2418-TPEUN,Other
6986-IXNDM,Dissatisfaction
8865-TNMNX,Competitor
0820-FNRNX,Competitor
7881-INRLC,Dissatisfaction
8097-OMULG,No Churn
4633-MKHYU,No Churn
5271-DBYSJ,Competitor
5626-MGTUK,No Churn
3392-EHMNK,No Churn
6075-SLNIL,No Churn
5485-WUYWF,No Churn
1568-BEKZM,No Churn
1833-VGRUM,No Churn
6877-TJMBR,No Churn
8490-BXHEO,No Churn
4872-JCVCA,No Churn
8752-GHJFU,No Churn
6128-CZOMY,No Churn
8313-AFGBW,Attitude
4718-DHSMV,No Churn
7928-VJYAB,Competitor
0635-WKOLD,Dissatisfaction
6518-PPLMZ,No Churn
4282-ACRXS,No Churn
7108-DGVUU,No Churn
6386-SZZKH,No Churn
3689-MOZGR,Attitude
6689-TCZHQ,No Churn
1094-BKOSX,Competitor
5693-PIPCS,Competitor
0936-NQLJU,No Churn
3900-AQPHZ,No Churn
2229-DPMBI,No Churn
4137-BTIKL,No Churn
7607-QKKTJ,No Churn
5712-AHQNN,No Churn
2664-XJZNO,No Churn
5847-MXBEO,No Churn
9661-ACXBS,Other
0707-HOVVN,No Churn
7929-DMBCV,Competitor
8605-ITULD,No Churn
8498-XXGWA,No Churn
2237-ZFSMY,No Churn
5727-MYATE,No Churn
2061-VVFST,No Churn
8337-UPOAQ,Competitor
5356-KZCKT,Dissatisfaction
1025-FALIX,No Churn
5153-LXKDT,No Churn
8076-FEZKJ,Competitor
5917-HBSDW,No Churn
3253-HKOKL,No Churn
2272-UOINI,No Churn
5318-YKDPV,Attitude
3372-KWFBM,Attitude
0674-DGMAQ,No Churn
8559-WNQZS,Competitor
7789-CRUVC,No Churn
4634-JLRJT,No Churn
4592-IWTJI,Price
3295-YVUSR,No Churn
5627-TVBPP,No Churn
5709-LVOEQ,No Churn
2041-JIJCI,Competitor
0970-QXPXW,No Churn
0810-BDHAW,No Churn
3920-HIHMQ,Attitude
6598-RFFVI,Competitor
7389-KBFIT,No Churn
4583-PARNH,No Churn
3583-KRKMD,No Churn
9115-YQHGA,Competitor
1734-ZMNTZ,Dissatisfaction
5652-MSDEY,No Churn
1395-WSWXR,No Churn
5529-GIBVH,No Churn
0076-LVEPS,No Churn
0221-NAUXK,No Churn
4686-UXDML,No Churn
4092-OFQZS,No Churn
6439-LAJXL,No Churn
2279-AXJJK,No Churn
6158-HDPXZ,No Churn
0426-TIRNE,Competitor
3780-DDGSE,No Churn
6648-INWPS,Dissatisfaction
1084-MNSMJ,No Churn
1731-TVIUK,No Churn
0356-OBMAC,No Churn
1299-AURJA,No Churn
5993-JSUWV,No Churn
5202-IVJNU,Dissatisfaction
8433-WPJTV,No Churn
3779-OSWCF,Price
5804-JMYIO,No Churn
0098-BOWSO,No Churn
9851-KIELU,No Churn
6475-VHUIZ,Competitor
6599-SFQVE,Competitor
9732-OUYRN,Dissatisfaction
2828-SLQPF,No Churn
1053-MXTTK,Dissatisfaction
0928-JMXNP,Competitor
5293-WXJAK,No Churn
4723-BEGSG,No Churn
3882-IYOIJ,No Churn
7901-IIDQV,No Churn
0082-OQIQY,No Churn
5248-YGIJN,Competitor
8857-CUPFQ,No Churn
9405-GPBBG,No Churn
0887-HJGAR,No Churn
8711-LOBKY,No Churn
5136-KCKGI,Dissatisfaction
1241-FPMOF,No Churn
4913-EHYUI,No Churn
9531-NSBMR,No Churn
1492-KGETH,No Churn
5245-VDBUR,No Churn
2501-XWWTZ,Attitude
6048-NJXHX,No Churn
5649-VUKMC,Competitor
9548-LIGTA,No Churn
5389-FFVKB,No Churn
1763-KUAAW,Dissatisfaction
0220-EBGCE,No Churn
9339-FIIJL,No Churn
1121-QSIVB,No Churn
4597-NUCQV,No Churn
1389-CXMLU,No Churn
9921-ZVRHG,No Churn
8152-UOBNY,No Churn
6849-WLEYG,No Churn
0471-LVHGK,No Churn
9093-FPDLG,No Churn
0357-NVCRI,No Churn
3724-BSCVH,No Churn
4482-FTFFX,No Churn
2608-BHKFN,No Churn
4785-FCIFB,Other
2581-VKIRT,No Churn
6509-TSGWN,No Churn
1810-BOHSY,No Churn
4878-BUNFV,No Churn
3082-YVEKW,No Churn
3948-XHGNA,No Churn
7054-LGEQW,No Churn
5778-BVOFB,Attitude
0840-DFEZH,No Churn
5383-MMTWC,No Churn
7410-KTVFV,No Churn
8450-LUGUK,No Churn
8660-BUETV,Attitude
7340-KEFQE,No Churn
7107-UBYKY,No Churn
3898-BSJYF,No Churn
2640-PMGFL,Other
9470-YFUYI,No Churn
5186-EJEGL,No Churn
2424-WVHPL,Competitor
7253-UVNDW,No Churn
7576-JMYWV,No Churn
7594-RQHXR,No Churn
0824-VWDPO,No Churn
9027-TMATR,No Churn
2245-ADZFJ,No Churn
0623-IIHUG,No Churn
6603-YRDCJ,Competitor
3190-ITQXP,Other
3428-XZMAZ,No Churn
3349-ANQNH,No Churn
8915-NNTRC,Competitor
4702-HDRKD,Price
0134-XWXCE,No Churn
4726-DLWQN,No Churn
1622-HSHSF,No Churn
3446-QDSZF,No Churn
6695-AMZUF,No Churn
3758-CKOQL,No Churn
6377-WHAOX,No Churn
7576-ASEJU,Competitor
8851-RAGOV,No Churn
9300-RENDD,No Churn
3714-JTVOV,Other
7852-LECYP,Competitor
6110-OHIHY,No Churn
0991-BRRFB,No Churn
3721-WKIIL,No Churn
3166-PNEOF,No Churn
1452-KIOVK,No Churn
4132-KALRO,No Churn
7596-IIWYC,Competitor
9661-MHUMO,Other
8109-YUOHE,No Churn
4425-OWHWB,No Churn
2996-XAUVF,No Churn
2587-EKXTS,No Churn
8747-UDCOI,No Churn
5928-QLDHB,No Churn
5160-UXJED,Attitude
1432-FPAXX,No Churn
8624-GIOUT,No Churn
3638-VBZTA,No Churn
9537-VHDTA,No Churn
7994-UYIVZ,Competitor
3329-WDIOK,No Churn
6906-MPARY,No Churn
6741-QRLUP,Dissatisfaction
1502-XFCVR,No Churn
5117-IFGPS,Competitor
0947-MUGVO,No Churn
0562-KBDVM,No Churn
7029-RPUAV,No Churn
9985-MWVIX,No Churn
1867-BDVFH,No Churn
8348-JLBUG,Other
3902-MIVLE,No Churn
2615-YVMYX,No Churn
6131-FOYAS,No Churn
6614-YOLAC,No Churn
7206-GZCDC,No Churn
9388-ZEYVT,No Churn
6635-MYYYZ,No Churn
7901-HXJVA,No Churn
3023-GFLBR,Competitor
7963-SHNDT,No Churn
3967-KXAPS,No Churn
7426-RHZGU,No Churn
7521-AFHAB,Other
6719-OXYBR,No Churn
6527-PZFPV,No Churn
3891-PUQOD,Competitor
8922-NPKBJ,No Churn
5003-OKNNK,No Churn
4277-UDIEF,No Churn
1845-CSBRZ,Attitude
7776-QGYJC,No Churn
1898-JSNDC,Dissatisfaction
8044-BGWPI,Competitor
6674-KVJHG,Competitor
6467-CHFZW,No Churn
0305-SQECB,No Churn
6994-FGRHH,No Churn
6778-JFCMK,No Churn
2077-DDHJK,Competitor
5468-BPMMO,Competitor
3604-WLABM,No Churn
7743-EXURX,Other
6402-EJMWF,No Churn
7217-JYHOQ,Competitor
2750-BJLSB,No Churn
5868-CZJDR,No Churn
2378-VTKDH,No Churn
2995-UPRYS,No Churn
5564-NEMQO,No Churn
0336-PIKEI,No Churn
2023-VQFDL,Competitor
2984-AFWNC,No Churn
9442-JTWDL,No Churn
3948-FVVRP,No Churn
9097-ZUBYC,No Churn
1545-ACTAS,No Churn
2451-YMUXS,No Churn
7812-FZHPE,No Churn
5915-ANOEI,Competitor
6968-GMKPR,No Churn
0247-SLUJI,No Churn
8595-SIZNC,Price
3045-XETSH,No Churn
6094-ZIVKX,No Churn
9640-ZSLDC,No Churn
0536-BGFMZ,No Churn
7641-TQFHN,No Churn
0327-WFZSY,Competitor
2252-JHJGE,No Churn
5003-XZWWO,No Churn
5208-HFSBT,No Churn
7519-JTWQH,No Churn
7762-ONLJY,No Churn
1091-SOZGA,No Churn
8782-LKFPK,Competitor
8048-DSDFQ,No Churn
2373-NTKOD,No Churn
5447-WZAFP,No Churn
5567-WSELE,No Churn
0576-WNXXC,No Churn
4083-EUGRJ,No Churn
0774-IFUVM,Competitor
5628-RKIFK,No Churn
1682-VCOIO,No Churn
7537-RBWEA,No Churn
2277-VWCNI,No Churn
2037-SGXHH,Competitor
2266-SJNAT,No Churn
7570-WELNY,No Churn
9489-UTFKA,No Churn
6100-QQHEB,No Churn
9896-UYMIE,No Churn
2251-PYLPB,No Churn
5647-URDKA,Competitor
4304-XUMGI,Competitor
0529-ONKER,No Churn
2514-GINMM,No Churn
3005-TYFRD,No Churn
5568-DMXZS,No Churn
5792-JALQC,Price
6538-POCHL,No Churn
9986-BONCE,No Churn
3043-TYBNO,Competitor
0136-IFMYD,Attitude
2195-VVRJF,No Churn
1585-MQSSU,No Churn
8840-DQLGN,No Churn
5887-IKKYO,Price
0877-SDMBN,No Churn
0848-SOMKO,No Churn
3315-IKYZQ,No Churn
7675-OZCZG,No Churn
3644-QXEHN,No Churn
1708-PBBOA,No Churn
2869-ADAWR,Competitor
4525-VZCZG,No Churn
0836-SEYLU,No Churn
2946-KIQSP,Dissatisfaction
3452-SRFEG,Competitor
8413-YNHNV,No Churn
7693-LCKZL,No Churn
3669-LVWZB,No Churn
0654-PQKDW,No Churn
5095-ETBRJ,No Churn
6362-QHAFM,No Churn
7785-RDVIG,No Churn
7579-OOPEC,Other
9250-WYPLL,No Churn
8620-RJPZN,No Churn
8606-OEGQZ,No Churn
4389-UEFCZ,No Churn
2230-XTUWL,No Churn
0032-PGELS,No Churn
8485-GJCDN,No Churn
3282-ZISZV,No Churn
1455-HFBXA,Competitor
5013-SBUIH,No Churn
6024-RUGGH,No Churn
4381-MHQDC,No Churn
9498-FIMXL,No Churn
3393-FMZPV,No Churn
1269-FOYWN,Other
2322-VCZHZ,No Churn
7647-GYYKX,No Churn
8815-LMFLX,No Churn
3908-MKIMJ,No Churn
0516-OOHAR,No Churn
7639-OPLNG,No Churn
8873-GLDMH,No Churn
4465-VDKIQ,No Churn
1686-STUHN,No Churn
3164-YAXFY,Attitude
9342-VNIMQ,No Churn
4390-KYULV,No Churn
6671-NGWON,No Churn
0269-XFESX,No Churn
3807-XHCJH,No Churn
9101-BWFSS,Price
9430-FRQOC,Competitor
4510-PYUSH,No Churn
7926-IJOOU,No Churn
7055-VKGDA,No Churn
0383-CLDDA,No Churn
4822-LPTYJ,Price
9137-NOQKA,No Churn
7272-QDCKA,Competitor
6437-UDQJM,Dissatisfaction
8111-RKSPX,No Churn
8580-AECUZ,No Churn
6339-RZCBJ,No Churn
5376-DEQCP,No Churn
8910-LEDAG,Attitude
4201-JMNGR,No Churn
2176-LVPNX,No Churn
0112-QWPNC,No Churn
6574-MCOEH,No Churn
3086-RUCRN,No Churn
6586-PSJOX,No Churn
3317-VLGQT,No Churn
2294-SALNE,No Churn
6754-WKSHP,Competitor
8212-CRQXP,No Churn
4501-UYKBC,No Churn
3372-CDXFJ,No Churn
3787-TRIAL,No Churn
1699-UOTXU,No Churn
8996-ZROXE,Dissatisfaction
0909-SDHNU,No Churn
5827-MWCZK,No Churn
4526-EXKKN,No Churn
2957-JIRMN,Attitude
0947-IDHRQ,Competitor
1814-WFGVS,Dissatisfaction
2361-FJWNO,No Churn
2669-OIDSD,No Churn
2586-CWXVV,No Churn
5795-BKOYE,No Churn
3312-UUMZW,No Churn
1310-QRITU,Competitor
5583-EJXRD,Price
8225-BTJAU,No Churn
9474-PHLYD,No Churn
2907-ILJBN,No Churn
2868-SNELZ,Attitude
5226-NOZFC,No Churn
4884-LEVMQ,No Churn
2005-DWQZJ,No Churn
3125-RAHBV,Other
0969-RGKCU,No Churn
6408-OTUBZ,No Churn
1352-VHKAJ,No Churn
2160-GPFXD,No Churn
1621-YNCJH,No Churn
8824-RWFXJ,No Churn
2683-JXWQQ,No Churn
0871-OPBXW,Competitor
3540-RZJYU,No Churn
2316-ESMLS,No Churn
5701-ZIKJE,Attitude
2826-DXLQO,No Churn
1036-GUDCL,Dissatisfaction
1784-BXEFA,No Churn
2277-DJJDL,Competitor
0971-QIFJK,No Churn
6506-EYCNH,No Churn
6418-PIQSP,No Churn
9102-IAYHT,Competitor
8417-FMLZI,No Churn
1024-GUALD,No Churn
2235-DWLJU,Competitor
9975-SKRNR,No Churn
2867-UIMSS,No Churn
7521-YXVZY,No Churn
2985-JUUBZ,No Churn
2144-BFDSO,Competitor
8879-ZKJOF,No Churn
4629-NRXKX,Competitor
8845-LWKGE,No Churn
3473-XIIIT,No Churn
7479-NITWS,No Churn
1658-TJVOA,Competitor
5153-RTHKF,No Churn
4851-BQDNX,No Churn
7787-BNTZM,Competitor
0533-UCAAU,No Churn
9975-GPKZU,No Churn
3165-HDOEW,No Churn
1803-BGNBD,No Churn
8039-ACLPL,Price
8212-DJRCH,Competitor
1208-NBVFH,Other
2519-TWKFS,No Churn
1769-GRUIK,No Churn
2887-JPYLU,No Churn
0315-LVCRK,No Churn
3873-NFTGI,No Churn
3090-LETTY,No Churn
0013-EXCHZ,No Churn
6581-NQCBA,No Churn
1576-PFZIW,No Churn
1573-LGXBA,No Churn
5320-BRKGK,No Churn
2446-ZKVAF,No Churn
0899-WZRSD,No Churn
3737-XBQDD,No Churn
5624-RYAMH,No Churn
3468-DRVQJ,No Churn
7470-DYNOE,Attitude
8963-JLGJT,Attitude
2176-OSJUV,No Churn
5405-ZMYXQ,No Churn
4081-DYXAV,No Churn
6103-LIANB,No Churn
1047-RNXZV,Attitude
4111-BNXIF,No Churn
8226-BXGES,No Churn
2096-XOTMO,Other
8931-GJJIQ,No Churn
8929-KSWIH,No Churn
7797-EJMDP,Competitor
8696-JKZNU,No Churn
2868-MZAGQ,Other
7966-YOTQW,Competitor
7359-SSBJK,Competitor
9174-IHETN,No Churn
0201-OAMXR,Competitor
1112-CUNAO,Dissatisfaction
2607-DHDAK,Attitude
8650-RHRKE,No Churn
8514-VZHEB,Competitor
1215-FIGMP,No Churn
7398-HPYZQ,No Churn
2146-EGVDT,No Churn
4742-DRORA,Competitor
6248-TKCQV,Competitor
3001-CBHLQ,Attitude
8903-XEBGX,No Churn
2668-TZSPS,No Churn
7964-VEXDG,No Churn
0410-IPFTY,No Churn
4625-LAMOB,No Churn
6584-VQMYT,Dissatisfaction
7638-QVMVY,No Churn
4523-WXCEF,No Churn
1796-JANOW,No Churn
7696-AMHOD,No Churn
2192-CKRLV,No Churn
3640-PHQXK,No Churn
0757-WCUUZ,No Churn
2097-YVPKN,No Churn
0365-GXEZS,No Churn
8111-BKVDS,No Churn
6598-KELSS,No Churn
0432-CAJZV,No Churn
0661-KBKPA,Attitude
2296-DKZFP,No Churn
5832-EXGTT,Dissatisfaction
0320-DWVTU,No Churn
3489-HHPFY,No Churn
0347-UBKUZ,Competitor
7284-BUYEC,Competitor
0356-ERHVT,No Churn
7306-YDSOI,No Churn
4182-BGSIQ,Competitor
4881-GQJTW,No Churn
0637-KVDLV,Attitude
4871-JTKJF,No Churn
0002-ORFBO,Competitor
5759-RCVCB,No Churn
5336-UFNZP,No Churn
9828-QHFBK,No Churn
0756-MPZRL,No Churn
2433-KMEAS,Competitor
3520-FJGCV,No Churn
6897-UUBNU,Competitor
8835-VSDSE,No Churn
3948-KXDUF,No Churn
3647-GMGDH,No Churn
5124-EOGYE,Dissatisfaction
1360-XFJMR,Competitor
6496-SLWHQ,No Churn
9167-APMXZ,Competitor
5940-NFXKV,No Churn
8058-DMYRU,No Churn
3838-OZURD,No Churn
1354-YZFNB,Attitude
7279-BUYWN,Other
5935-FCCNB,Other
6733-LRIZX,No Churn
6952-OMNWB,Competitor
4355-CVPVS,Attitude
0422-UXFAP,Attitude
1205-WNWPJ,No Churn
9334-GWGOW,No Churn
8241-JUIQO,Competitor
1666-JZPZT,No Churn
0975-VOOVL,Attitude
5590-ZSKRV,Price
1077-HUUJM,No Churn
7665-TOALD,Competitor
6651-RLGGM,No Churn
9289-LBQVU,No Churn
5193-QLVZB,No Churn
3249-VHRIP,No Churn
0404-AHASP,No Churn
7446-SFAOA,No Churn
6851-WEFYX,Dissatisfaction
2207-RYYRL,No Churn
2223-GDSHL,No Churn
8466-PZBLH,No Churn
5018-HEKFO,Competitor
0378-TOVMS,Competitor
3021-VLNRJ,No Churn
8544-JNBOX,No Churn
9741-YLNTD,No Churn
4378-BZYFP,Price
0843-WTBXE,No Churn
7729-JTEEC,No Churn
4554-YGZIH,Competitor
8413-VONUO,No Churn
8612-GXIDD,Dissatisfaction
8541-QVFKM,No Churn
1257-SXUXQ,No Churn
1261-FWTTE,No Churn
0397-ZXWQF,No Churn
4700-UBQMV,No Churn
4988-IQIGL,No Churn
2863-IMQDR,No Churn
3842-IYKUE,Attitude
7139-JZFVG,No Churn
6353-BRMMA,Other
7998-ZLXWN,No Churn
7101-HRBLJ,Price
4526-RMTLL,No Churn
4378-MYPGO,Competitor
6692-YQHXC,No Churn
5256-SKJGO,Price
6982-SSHFK,No Churn
5875-YPQFJ,No Churn
8707-HOEDG,No Churn
3723-BFBGR,No Churn
8749-JMNKX,No Churn
3733-UOCWF,No Churn
5820-PTRYM,No Churn
5566-SOEZD,No Churn
4537-DKTAL,Competitor
8265-HKSOW,No Churn
6556-DBKZF,No Churn
8148-WOCMK,No Churn
5345-BMKWB,No Churn
3422-WJOYD,Competitor
2696-NARTR,Attitude
3933-DQPWX,Price
3219-JQRSL,No Churn
6478-HRRCZ,No Churn
0709-TVGUR,No Churn
2111-DWYHN,No Churn
8699-ASUFO,No Churn
3186-BAXNB,No Churn
4012-ZTHBR,Attitude
6933-FHBZC,No Churn
6416-TVAIH,No Churn
1976-AZZPJ,No Churn
1291-CUOCY,No Churn
0266-GMEAO,No Churn
1173-NOEYG,No Churn
9504-DSHWM,No Churn
2924-KHUVI,No Churn
2357-COQEK,No Churn
8329-GWVPJ,No Churn
4821-WQOYN,Attitude
0617-FHSGK,Competitor
6997-UVGOX,Competitor
9061-TIHDA,No Churn
0064-YIJGF,No Churn
3258-SANFR,No Churn
6283-GITPX,No Churn
9572-WUKSB,No Churn
9065-ZCPQX,No Churn
9170-GYZJC,Attitude
0771-WLCLA,Competitor
2920-RNCEZ,Competitor
2720-WGKHP,No Churn
1335-NTIUC,Competitor
7219-TLZHO,Competitor
5539-TMZLF,No Churn
7073-QETQY,No Churn
8098-LLAZX,Competitor
9445-ZUEQE,No Churn
3904-UKFRE,No Churn
1626-ERCMM,No Churn
9357-UJRUN,Attitude
6196-HBOBZ,No Churn
6549-BTYPG,Dissatisfaction
0222-CNVPT,No Churn
2480-SQIOB,No Churn
0257-KXZGU,No Churn
7668-XCFYV,Competitor
0280-XJGEX,No Churn
7439-DKZTW,Attitude
5154-VEKBL,Attitude
0719-SYFRB,No Churn
2806-MLNTI,Competitor
4146-SVFUD,Attitude
5680-LQOGP,No Churn
3308-JSGML,No Churn
5922-ABDVO,No Churn
3488-PGMQJ,Competitor
8022-BECSI,No Churn
5298-GSTLM,No Churn
4804-NCPET,No Churn
9944-HKVVB,No Churn
6481-ESCNL,Competitor
8292-ITGYJ,No Churn
8357-EQXFO,Competitor
4933-IKULF,No Churn
9076-AXYIK,Competitor
8515-OCTJS,No Churn
9820-RMCQV,Competitor
4566-GOLUK,Competitor
6615-NGGZJ,No Churn
0125-LZQXK,No Churn
5762-TJXGK,No Churn
8080-POTJR,No Churn
9269-CQOOL,No Churn
5949-EBSQK,No Churn
6326-MTTXK,No Churn
8200-KLNYW,Price
3190-XFANI,No Churn
3334-CTHOL,Other
1757-TCATG,No Churn
9560-ARGQJ,No Churn
7225-CBZPL,No Churn
3006-XIMLN,Price
7660-HDPJV,Competitor
7733-UDMTP,No Churn
3976-NLDEZ,Price
3223-WZWJM,No Churn
4627-MIHJH,No Churn
6284-AHOOQ,No Churn
7802-EFKNY,Attitude
3620-MWJNE,No Churn
4315-MURBD,No Churn
8950-MTZNV,No Churn
8380-MQINP,Other
7661-CPURM,No Churn
1925-TIBLE,No Churn
5219-YIPTK,No Churn
8065-YKXKD,No Churn
7599-FKVXZ,No Churn
2292-XQWSV,No Churn
2947-DOMLJ,No Churn
9681-OXGVC,No Churn
1964-SVLEA,No Churn
8685-WHQPW,No Churn
5131-PONJI,No Churn
6008-NAIXK,No Churn
9092-GDZKO,Other
8348-HFYIV,No Churn
1833-TCXKK,No Churn
7184-LRUUR,Competitor
5924-IFQTT,No Churn
2371-JQHZZ,No Churn
4332-MUOEZ,Competitor
8325-QRPZR,No Churn
9207-ZPANB,No Churn
2959-FENLU,Dissatisfaction
0769-MURVM,No Churn
8474-UMLNT,No Churn
4452-QIIEB,No Churn
9507-EXLTT,No Churn
3701-SFMUH,No Churn
9547-ITEFG,No Churn
2829-HYVZP,No Churn
2568-BRGYX,No Churn
8263-QMNTJ,Competitor
8430-TWCBX,No Churn
2770-NSVDG,No Churn
5294-CDGWY,No Churn
1895-QTKDO,No Churn
7996-MHXLW,No Churn
8975-SKGRX,No Churn
9139-TWBAS,No Churn
7208-PSIHR,No Churn
2075-PUEPR,Attitude
4373-VVHQL,No Churn
8722-PRFDV,No Churn
4307-KWMXE,No Churn
6067-NGCEU,No Churn
6543-XRMYR,No Churn
8821-KVZKQ,Other
4098-NAUKP,Competitor
6656-JWRQX,No Churn
4631-OACRM,No Churn
7196-LIWRH,Competitor
4360-PNRQB,No Churn
8402-OOOHJ,Price
6240-EURKS,Other
4560-WQAQW,No Churn
8777-PVYGU,No Churn
6286-ZHAOK,Price
2724-FJDYW,No Churn
7683-CBDKJ,No Churn
6917-YACBP,No Churn
4626-GYCZP,No Churn
7968-QUXNS,No Churn
6036-TTFYU,No Churn
3066-RRJIO,No Churn
9750-BOOHV,No Churn
5546-QUERU,No Churn
3315-TOTBP,No Churn
0373-AIVNJ,No Churn
2049-BAFNW,No Churn
5644-PDMZC,Attitude
0661-WCQNQ,No Churn
6651-AZVTJ,No Churn
5384-ZTTWP,Dissatisfaction
7941-RCJOW,Other
8124-NZVGJ,No Churn
1821-BUCWY,No Churn
8980-WQFWL,Other
9026-LHEVG,No Churn
2013-SGDXK,No Churn
1790-NESIO,Other
7613-LLQFO,No Churn
2495-TTHBQ,Attitude
1891-FZYSA,No Churn
4572-DVCGN,No Churn
6285-FTQBF,No Churn
6734-CKRSM,Competitor
3445-HXXGF,No Churn
8819-ZBYNA,No Churn
6726-NNFWD,No Churn
0228-MAUWC,Price
5536-SLHPM,No Churn
4547-LYTDD,No Churn
9359-UGBTK,No Churn
3161-GETRM,No Churn
7239-HZZCX,No Churn
6244-BESBM,No Churn
3085-QUOZK,No Churn
8769-KKTPH,Competitor
5366-IJEQJ,No Churn
8621-MNIHH,No Churn
8107-RZLNV,No Churn
2338-BQEZT,Competitor
3621-CEOVK,No Churn
5973-EJGDP,Dissatisfaction
3050-RLLXC,No Churn
1767-CJKBA,No Churn
9763-GRSKD,No Churn
7029-IJEJK,No Churn
0748-RDGGM,No Churn
0187-WZNAB,No Churn
1478-VPOAD,Competitor
9142-XMYJH,No Churn
4883-KCPZJ,No Churn
8714-EUHJO,No Churn
9891-NQDBD,No Churn
3865-QBWSJ,Price
1042-HFUCW,Attitude
8041-TMEID,No Churn
6437-UKHMV,No Churn
0853-TWRVK,Dissatisfaction
9588-YRFHY,No Churn
3797-FKOGQ,No Churn
4847-TAJYI,No Churn
4922-CVPDX,Competitor
1925-GMVBW,No Churn
8868-GAGIO,No Churn
1580-BMCMR,No Churn
0725-CXOTM,No Churn
9763-PDTKK,No Churn
0602-DDUML,No Churn
7181-OQCUT,Competitor
1839-UMACK,No Churn
4462-CYWMH,No Churn
5161-XEUVX,No Churn
2393-DIVAI,No Churn
7515-LODFU,No Churn
0506-YLVKJ,No Churn
1170-SASML,No Churn
9803-FTJCG,Attitude
3259-KNMRR,No Churn
6848-HJTXY,No Churn
4719-UMSIY,No Churn
1699-TLDLZ,Attitude
5148-HKFIR,No Churn
7841-TZDMQ,No Churn
4832-VRBMR,Competitor
5828-DWPIL,No Churn
7398-SKNQZ,Attitude
2178-PMGCJ,No Churn
4568-TTZRT,No Churn
3511-BFTJW,No Churn
6513-EECDB,No Churn
5494-WOZRZ,No Churn
9122-UMROB,Attitude
8739-QOTTN,Attitude
3082-VQXNH,No Churn
5678-VFNEQ,No Churn
1162-ECVII,No Churn
2931-FSOHN,No Churn
1241-EZFMJ,Competitor
1089-HDMKP,No Churn
1298-PHBTI,No Churn
8750-QWZAJ,No Churn
6199-IPCAO,No Churn
2252-ISRNH,No Churn
6184-DYUOB,No Churn
8513-OLYGY,Other
2789-CZANW,No Churn
6419-ZTTLE,No Churn
8190-ZTQFB,No Churn
6942-LBFDP,No Churn
7524-VRLPL,No Churn
3094-JOJAI,No Churn
1216-JWVUX,No Churn
9091-WTUUY,No Churn
4891-NLUBA,No Churn
4999-IEZLT,Attitude
5774-QPLTF,Competitor
0634-SZPQA,No Churn
4849-PYRLQ,No Churn
5998-VVEJY,Attitude
5227-JSCFE,No Churn
6507-DTJZV,No Churn
9938-PRCVK,No Churn
9838-BFCQT,No Churn
1086-LXKFY,No Churn
6476-YHMGA,No Churn
4280-DLSHD,No Churn
8073-IJDCM,Other
4459-BBGHE,No Churn
8097-VBQTZ,No Churn
2937-FTHUR,No Churn
8510-TMWYB,No Churn
5327-XOKKY,No Churn
0023-UYUPN,Price
9817-APLHW,No Churn
3566-HJGPK,No Churn
7321-KKSDU,No Churn
2203-GHNWN,No Churn
6013-BHCAW,No Churn
2460-FPSYH,Other
3391-JSQEW,No Churn
0603-OLQDC,No Churn
6490-FGZAT,No Churn
4737-HOBAX,Competitor
3178-FESZO,No Churn
1334-FJSVR,No Churn
2761-OCIAX,No Churn
8966-OIQHG,No Churn
7599-NTMDP,Competitor
5192-EBGOV,No Churn
4884-ZTHVF,No Churn
5671-RQRLP,No Churn
9565-AXSMR,No Churn
2739-CCZMB,No Churn
7577-SWIFR,No Churn
5756-JYOJT,No Churn
4355-HBJHH,No Churn
9633-DENPU,Attitude
4083-BFNYK,No Churn
6874-SGLHU,No Churn
3481-JHUZH,Competitor
1251-KRREG,No Churn
7780-OTDSO,No Churn
4369-HTUIF,No Churn
9298-WGMRW,No Churn
1536-HBSWP,No Churn
1098-TDVUQ,No Churn
9518-IMLHK,No Churn
7654-YWJUF,No Churn
2108-GLPQB,No Churn
0440-EKDCF,No Churn
8495-PRWFH,No Churn
4395-PZMSN,No Churn
0623-GDISB,No Churn
5998-DZLYR,Dissatisfaction
4195-SMMNX,Competitor
2737-WFVYW,No Churn
0787-LHDYT,No Churn
4727-MCYZG,Other
9184-GALIL,No Churn
3005-NFMTA,No Churn
3487-EARAT,No Churn
4290-BSXUX,No Churn
6178-KFNHS,Competitor
4393-GEADV,No Churn
8741-LQOBK,No Churn
0595-ITUDF,No Churn
4323-SADQS,No Churn
9258-CNWAC,No Churn
5854-KSRBJ,No Churn
2458-EOMRE,No Churn
8350-NYMVI,Price
3585-ISXZP,No Churn
1761-AEZZR,No Churn
2197-OMWGI,No Churn
7274-RTAPZ,No Churn
1830-GGFNM,No Churn
0378-NHQXU,No Churn
2791-SFVEW,No Churn
6234-PFPXL,Dissatisfaction
4828-FAZPK,No Churn
4619-EVPHY,Competitor
9658-WYUFB,No Churn
7786-WBJYI,No Churn
7771-ZONAT,No Churn
1004-NOZNR,No Churn
7593-XFKDI,No Churn
3352-ALMCK,No Churn
1140-UKVZG,No Churn
3987-KQDDU,Attitude
2256-YLYLP,No Churn
7422-WNBTY,No Churn
2483-XSSMZ,No Churn
8043-PNYSD,Attitude
7079-QRCBC,No Churn
2054-PJOCK,No Churn
7100-FQPRV,No Churn
7596-LDUXP,Competitor
2897-DOVND,No Churn
3144-AUDBS,Other
8785-CJSHH,No Churn
0487-VVUVK,No Churn
2890-WFBHU,No Churn
1131-ALZWV,No Churn
2207-OBZNX,No Churn
9412-ARGBX,No Churn
4979-HPRFL,Price
3793-MMFUH,Attitude
5515-RUGKN,No Churn
2485-ITVKB,No Churn
8937-RDTHP,No Churn
1335-HQMKX,Competitor
1200-TUZHR,No Churn
5173-WXOQV,No Churn
3506-OVLKD,No Churn
4877-TSOFF,Attitude
3744-ZRRDZ,Attitude
2320-JRSDE,No Churn
5176-LDKUH,No Churn
7508-SMHXL,No Churn
5512-IDZEI,No Churn
7103-IPXPJ,No Churn
4026-SKKHW,Competitor
5844-QVTAT,No Churn
5940-AHUHD,No Churn
4767-HZZHQ,No Churn
8455-HIRAQ,No Churn
8338-QIUNR,No Churn
0657-DOGUM,Price
7989-AWGEH,No Churn
5174-RNGBH,No Churn
3345-PBBFH,No Churn
8738-JOKAR,No Churn
4931-TRZWN,No Churn
7148-XZPHA,No Churn
4075-JFPGR,No Churn
2235-EZAIK,No Churn
6810-VCAEX,Attitude
9479-HYNYL,Dissatisfaction
7312-XSBAT,No Churn
5583-SXDAG,No Churn
8760-ZRHKE,No Churn
9822-OAOVB,No Churn
6631-HMANX,No Churn
0564-MUUQK,No Churn
4524-QCSSM,No Churn
6296-DDOOR,No Churn
5843-TTHGI,Attitude
9480-BQJEI,No Churn
5233-GEEAX,Competitor
7471-MQPOS,No Churn
2462-XIIJB,No Churn
1951-IEYXM,No Churn
0689-DSXGL,No Churn
5858-EAFCZ,No Churn
6599-CEBNN,No Churn
4143-HHPMK,No Churn
8404-VLQFB,Competitor
2533-TIBIX,No Churn
4183-WCSEP,No Churn
4712-AUQZO,Competitor
9576-ANLXO,No Churn
4431-EDMIQ,Other
4616-ULAOA,No Churn
2115-BFTIW,Dissatisfaction
9714-EDSUC,No Churn
1587-FKLZB,No Churn
8749-CLJXC,No Churn
2569-WGERO,No Churn
7695-PKLCZ,No Churn
2585-KTFRE,No Churn
0057-QBUQH,No Churn
5724-BIDBU,No Churn
6728-VOIFY,Other
7801-KICAO,Competitor
0973-KYVNF,No Churn
2927-CVULT,No Churn
7159-FVYPK,No Churn
9170-CCKOU,No Churn
6705-LNMDD,No Churn
7711-GQBZC,Competitor
7876-DNYAP,No Churn
0872-NXJYS,No Churn
1449-XQEMT,No Churn
6664-FPDAC,No Churn
9453-PATOS,Competitor
2712-SYWAY,Attitude
9507-HSMMZ,No Churn
0680-DFNNY,Dissatisfaction
5382-TEMLV,No Churn
1407-DIGZV,No Churn
5296-BFCYD,No Churn
4830-FAXFM,No Churn
5044-XDPYX,No Churn
6908-VVYHM,No Churn
5404-GGUKR,Competitor
5949-HGVJL,No Churn
3795-GWTRD,No Churn
1960-UOTYM,No Churn
3863-QSTYI,No Churn
0804-XBFBV,No Churn
2580-ATZSQ,No Churn
4032-RMHCI,No Churn
5846-NEQVZ,No Churn
5445-PZWGX,No Churn
8792-AOROI,No Churn
0739-UUAJR,No Churn
5275-PMFUT,Competitor
4422-QVIJA,No Churn
3685-YLCMQ,No Churn
1728-BQDMA,No Churn
2823-LKABH,No Churn
4912-PIGUY,Competitor
5158-RIVOP,Dissatisfaction
3976-BWUCK,No Churn
9121-PHQSR,No Churn
6813-GZQCG,No Churn
3097-FQTVJ,No Churn
8563-IIOXK,No Churn
9700-ZCLOT,No Churn
5325-UWTWJ,Price
4291-YZODP,Attitude
9318-NKNFC,No Churn
9769-TSBZE,No Churn
2801-NISEI,No Churn
8465-SBRXP,No Churn
1422-DGUBX,Dissatisfaction
0823-HSCDJ,No Churn
8313-KTIHG,Competitor
8908-SLFCJ,No Churn
1092-WPIVQ,No Churn
1569-TTNYJ,No Churn
2302-OUZXB,Dissatisfaction
4086-WITJG,No Churn
5014-GSOUQ,No Churn
5797-APWZC,Dissatisfaction
7517-SAWMO,No Churn
9574-RKJIF,No Churn
2195-ZRVAX,No Churn
3209-ZPKFI,No Churn
7605-SNLQG,No Churn
7658-UYUQS,No Churn
8809-XKHMD,No Churn
8042-JVNFH,No Churn
3027-YNWZU,No Churn
3038-PQIUY,No Churn
5546-BYZSM,No Churn
5178-LMXOP,No Churn
6156-UZDLF,Other
7305-ZWMAJ,No Churn
3244-CQPHU,No Churn
0434-CSFON,No Churn
7164-BPTUT,No Churn
1984-GPTEH,No Churn
2030-BTZRO,No Churn
0876-WDUUZ,No Churn
6035-BXTTY,No Churn
3339-EAQNV,No Churn
3452-FLHYD,Competitor
6035-RIIOM,No Churn
2908-WGAXL,No Churn
1373-ORVIZ,No Churn
8450-UYIBU,No Churn
3049-SOLAY,No Churn
3508-VLHCZ,No Churn
1902-XBTFB,No Churn
1596-OQSPS,No Churn
9885-AIBVB,No Churn
8663-UPDGF,Competitor
8062-YBDOE,No Churn
1285-OKIPP,No Churn
8679-JOEVF,No Churn
0708-SJDIS,No Churn
7530-HDYDS,Price
7375-WMVMT,Price
2800-QQUSO,No Churn
1309-XGFSN,No Churn
0236-HFWSV,No Churn
9661-JALZV,No Churn
5701-YVSVF,No Churn
2101-RANCD,No Churn
1744-JHKYS,Competitor
1052-QJIBV,No Churn
3351-NGXYI,No Churn
3642-BYHDO,No Churn
3301-VKTGC,No Churn
7394-LWLYN,Competitor
7568-PODML,No Churn
4818-DRBQT,No Churn
0604-THJFP,No Churn
9764-REAFF,Competitor
7989-VCQOH,No Churn
0531-XBKMM,No Churn
3915-ODIYG,No Churn
9185-TQCVP,No Churn
8871-JLMHM,No Churn
4694-PHWFW,Attitude
2027-CWDNU,No Churn
5309-TAIKL,No Churn
9626-VFRGG,Competitor
5939-XAIXZ,No Churn
7449-HVPIV,No Churn
5275-SQEIZ,No Churn
3417-TSCIC,No Churn
6366-ZGQGL,No Churn
2974-GGUXS,No Churn
4472-LVYGI,No Churn
2240-HSJQD,No Churn
4994-OBRSZ,No Churn
0071-NDAFP,No Churn
5150-LJNSR,No Churn
2516-VQRRV,No Churn
0376-YMCJC,No Churn
7595-EUIVN,No Churn
2208-NKVVH,Competitor
7401-JIXNM,No Churn
4110-PFEUZ,No Churn
2391-SOORI,No Churn
4632-XJMEX,Competitor
1222-LRYKO,No Churn
4208-UFFGW,No Churn
8118-LSUEL,No Churn
7945-HLKEA,No Churn
9895-VFOXH,Competitor
1991-VOPLL,No Churn
2884-GBPFB,Competitor
1485-YDHMM,No Churn
0354-VXMJC,Dissatisfaction
2139-FQHLM,No Churn
9839-ETQOE,Competitor
0377-JBKKT,No Churn
4587-NUKOX,No Churn
0412-UCCNP,No Churn
0869-PAPRP,No Churn
2070-XYMFH,No Churn
0376-OIWME,No Churn
2789-HQBOU,Competitor
4806-HIPDW,No Churn
8372-JUXUI,No Churn
5474-LAMUQ,No Churn
6347-DCUIK,No Churn
5692-ICXLW,No Churn
7995-ZHHNZ,No Churn
1925-LFCZZ,No Churn
3099-OONVS,Attitude
3726-TBHQT,No Churn
8199-ZLLSA,Price
0440-MOGPM,No Churn
3001-UNBTL,No Churn
6133-OZILE,No Churn
0732-OCQOC,Attitude
3669-OYSJI,No Churn
5377-NDTOU,No Churn
2363-BJLSL,No Churn
5696-QURRL,No Churn
2077-MPJQO,No Churn
7876-BEUTG,No Churn
4189-NAKJS,Attitude
0104-PPXDV,Dissatisfaction
9451-LPGOO,No Churn
3146-MSEGF,Competitor
3537-HPKQT,No Churn
1985-MBRYP,No Churn
3957-SQXML,No Churn
9313-QOLTZ,Other
8623-TMRBY,No Churn
3914-FDRHP,Competitor
9778-OGKQZ,No Churn
6878-GGDWG,Competitor
5501-TVMGM,Attitude
2189-UXTKY,Dissatisfaction
3946-MHCZW,No Churn
1629-DQQVB,Dissatisfaction
2933-XEUJM,No Churn
2595-KIWPV,No Churn
3325-FUYCG,No Churn
1754-GKYPY,No Churn
0675-NCDYU,No Churn
2740-TVLFN,No Churn
8725-JEDFD,Competitor
8165-CBKXO,No Churn
5552-ZNFSJ,Dissatisfaction
6719-FGEDO,No Churn
2654-VBVPB,No Churn
2509-TFPJU,No Churn
2982-IHMFT,Dissatisfaction
4747-LCAQL,Dissatisfaction
3472-QPRCH,No Churn
4501-VCPFK,Competitor
3067-SVMTC,No Churn
5687-DKDTV,Competitor
0311-QYWSS,No Churn
7767-UXAGJ,No Churn
0771-CHWSK,No Churn
5155-AZQPB,No Churn
7410-YTJIK,No Churn
0094-OIFMO,Other
8125-QPFJD,No Churn
1122-JWTJW,No Churn
1139-WUOAH,No Churn
4154-AQUGT,Price
4625-XMOYM,No Churn
8168-UQWWF,No Churn
0463-TXOAK,Competitor
5944-UGLLK,No Churn
7619-ODSGN,Attitude
2455-USLMV,Attitude
7562-GSUHK,No Churn
1374-DMZUI,No Churn
4123-FCVCB,No Churn
0661-XEYAN,No Churn
2831-EBWRN,No Churn
6859-QNXIQ,Competitor
7481-ATQQS,No Churn
3313-QKNKB,No Churn
8668-KNZTI,No Churn
8809-RIHDD,No Churn
6663-JOCQO,No Churn
7010-ZMVBF,No Churn
